Date,Series,Value
2017-01-06,Volume Intensity,0.2328
2017-01-07,Volume Intensity,0.2342
2017-01-08,Volume Intensity,0.2363
2017-01-09,Volume Intensity,0.2492
2017-01-10,Volume Intensity,0.248
2017-01-11,Volume Intensity,0.2447
2017-01-12,Volume Intensity,0.2399
2017-01-13,Volume Intensity,0.2413
2017-01-14,Volume Intensity,0.2512
2017-01-15,Volume Intensity,0.2398
2017-01-16,Volume Intensity,0.2558
2017-01-17,Volume Intensity,0.2785
2017-01-18,Volume Intensity,0.2846
2017-01-19,Volume Intensity,0.2904
2017-01-20,Volume Intensity,0.295
2017-01-21,Volume Intensity,0.2992
2017-01-22,Volume Intensity,0.2795
2017-01-23,Volume Intensity,0.2647
2017-01-24,Volume Intensity,0.2653
2017-01-25,Volume Intensity,0.2631
2017-01-26,Volume Intensity,0.2547
2017-01-27,Volume Intensity,0.2576
2017-01-28,Volume Intensity,0.2602
2017-01-29,Volume Intensity,0.2734
2017-01-30,Volume Intensity,0.2986
2017-01-31,Volume Intensity,0.3142
2017-02-01,Volume Intensity,0.3247
2017-02-02,Volume Intensity,0.3311
2017-02-03,Volume Intensity,0.3384
2017-02-04,Volume Intensity,0.3147
2017-02-05,Volume Intensity,0.2869
2017-02-06,Volume Intensity,0.2768
2017-02-07,Volume Intensity,0.2747
2017-02-08,Volume Intensity,0.2672
2017-02-09,Volume Intensity,0.263
2017-02-10,Volume Intensity,0.2756
2017-02-11,Volume Intensity,0.2592
2017-02-12,Volume Intensity,0.254
2017-02-13,Volume Intensity,0.245
2017-02-14,Volume Intensity,0.2362
2017-02-15,Volume Intensity,0.2363
2017-02-16,Volume Intensity,0.2317
2017-02-17,Volume Intensity,0.2517
2017-02-18,Volume Intensity,0.2452
2017-02-19,Volume Intensity,0.2439
2017-02-20,Volume Intensity,0.2648
2017-02-21,Volume Intensity,0.265
2017-02-22,Volume Intensity,0.2655
2017-02-23,Volume Intensity,0.2571
2017-02-24,Volume Intensity,0.2626
2017-02-25,Volume Intensity,0.2721
2017-02-26,Volume Intensity,0.2621
2017-02-27,Volume Intensity,0.2598
2017-02-28,Volume Intensity,0.2653
2017-03-01,Volume Intensity,0.2716
2017-03-02,Volume Intensity,0.2657
2017-03-03,Volume Intensity,0.2625
2017-03-04,Volume Intensity,0.257
2017-03-05,Volume Intensity,0.2593
2017-03-06,Volume Intensity,0.2635
2017-03-07,Volume Intensity,0.2599
2017-03-08,Volume Intensity,0.2718
2017-03-09,Volume Intensity,0.2775
2017-03-10,Volume Intensity,0.2827
2017-03-11,Volume Intensity,0.2729
2017-03-12,Volume Intensity,0.2679
2017-03-13,Volume Intensity,0.2862
2017-03-14,Volume Intensity,0.2843
2017-03-15,Volume Intensity,0.2918
2017-03-16,Volume Intensity,0.2964
2017-03-17,Volume Intensity,0.3091
2017-03-18,Volume Intensity,0.3164
2017-03-19,Volume Intensity,0.2931
2017-03-20,Volume Intensity,0.2896
2017-03-21,Volume Intensity,0.2753
2017-03-22,Volume Intensity,0.2738
2017-03-23,Volume Intensity,0.2707
2017-03-24,Volume Intensity,0.2651
2017-03-25,Volume Intensity,0.2785
2017-03-26,Volume Intensity,0.281
2017-03-27,Volume Intensity,0.2969
2017-03-28,Volume Intensity,0.3018
2017-03-29,Volume Intensity,0.318
2017-03-30,Volume Intensity,0.3168
2017-03-31,Volume Intensity,0.3157
2017-04-01,Volume Intensity,0.3114
2017-04-02,Volume Intensity,0.3049
2017-04-03,Volume Intensity,0.3066
2017-04-04,Volume Intensity,0.2974
2017-04-05,Volume Intensity,0.2993
2017-04-06,Volume Intensity,0.2992
2017-04-07,Volume Intensity,0.2971
2017-04-08,Volume Intensity,0.283
2017-04-09,Volume Intensity,0.2583
2017-04-10,Volume Intensity,0.2441
2017-04-11,Volume Intensity,0.2381
2017-04-12,Volume Intensity,0.2356
2017-04-13,Volume Intensity,0.2378
2017-04-14,Volume Intensity,0.2408
2017-04-15,Volume Intensity,0.2453
2017-04-16,Volume Intensity,0.2517
2017-04-17,Volume Intensity,0.2316
2017-04-18,Volume Intensity,0.2312
2017-04-19,Volume Intensity,0.2366
2017-04-20,Volume Intensity,0.2467
2017-04-21,Volume Intensity,0.2529
2017-04-22,Volume Intensity,0.2406
2017-04-23,Volume Intensity,0.2553
2017-04-24,Volume Intensity,0.2509
2017-04-25,Volume Intensity,0.2458
2017-04-26,Volume Intensity,0.2396
2017-04-27,Volume Intensity,0.2474
2017-04-28,Volume Intensity,0.271
2017-04-29,Volume Intensity,0.2922
2017-04-30,Volume Intensity,0.3034
2017-05-01,Volume Intensity,0.3115
2017-05-02,Volume Intensity,0.3177
2017-05-03,Volume Intensity,0.3122
2017-05-04,Volume Intensity,0.302
2017-05-05,Volume Intensity,0.2945
2017-05-06,Volume Intensity,0.2865
2017-05-07,Volume Intensity,0.2866
2017-05-08,Volume Intensity,0.2991
2017-05-09,Volume Intensity,0.2975
2017-05-10,Volume Intensity,0.2969
2017-05-11,Volume Intensity,0.3011
2017-05-12,Volume Intensity,0.2992
2017-05-13,Volume Intensity,0.2874
2017-05-14,Volume Intensity,0.2741
2017-05-15,Volume Intensity,0.2856
2017-05-16,Volume Intensity,0.2903
2017-05-17,Volume Intensity,0.296
2017-05-18,Volume Intensity,0.3004
2017-05-19,Volume Intensity,0.3064
2017-05-20,Volume Intensity,0.289
2017-05-21,Volume Intensity,0.2903
2017-05-22,Volume Intensity,0.2887
2017-05-23,Volume Intensity,0.2764
2017-05-24,Volume Intensity,0.2693
2017-05-25,Volume Intensity,0.2784
2017-05-26,Volume Intensity,0.2901
2017-05-27,Volume Intensity,0.2719
2017-05-28,Volume Intensity,0.2562
2017-05-29,Volume Intensity,0.236
2017-05-30,Volume Intensity,0.238
2017-05-31,Volume Intensity,0.222
2017-06-01,Volume Intensity,0.2226
2017-06-02,Volume Intensity,0.2296
2017-06-03,Volume Intensity,0.2302
2017-06-04,Volume Intensity,0.2424
2017-06-05,Volume Intensity,0.2437
2017-06-06,Volume Intensity,0.2586
2017-06-07,Volume Intensity,0.2635
2017-06-08,Volume Intensity,0.263
2017-06-09,Volume Intensity,0.2825
2017-06-10,Volume Intensity,0.2816
2017-06-11,Volume Intensity,0.2665
2017-06-12,Volume Intensity,0.2625
2017-06-13,Volume Intensity,0.2589
2017-06-14,Volume Intensity,0.2608
2017-06-15,Volume Intensity,0.2517
2017-06-16,Volume Intensity,0.2617
2017-06-17,Volume Intensity,0.2783
2017-06-18,Volume Intensity,0.2933
2017-06-19,Volume Intensity,0.2982
2017-06-20,Volume Intensity,0.3024
2017-06-21,Volume Intensity,0.3137
2017-06-22,Volume Intensity,0.321
2017-06-23,Volume Intensity,0.3226
2017-06-24,Volume Intensity,0.2859
2017-06-25,Volume Intensity,0.289
2017-06-26,Volume Intensity,0.2889
2017-06-27,Volume Intensity,0.2761
2017-06-28,Volume Intensity,0.2635
2017-06-29,Volume Intensity,0.2589
2017-06-30,Volume Intensity,0.2793
2017-07-01,Volume Intensity,0.2762
2017-07-02,Volume Intensity,0.2794
2017-07-03,Volume Intensity,0.2844
2017-07-04,Volume Intensity,0.2923
2017-07-05,Volume Intensity,0.3018
2017-07-06,Volume Intensity,0.3007
2017-07-07,Volume Intensity,0.3011
2017-07-08,Volume Intensity,0.3067
2017-07-09,Volume Intensity,0.3153
2017-07-10,Volume Intensity,0.321
2017-07-11,Volume Intensity,0.3173
2017-07-12,Volume Intensity,0.3181
2017-07-13,Volume Intensity,0.31
2017-07-14,Volume Intensity,0.2944
2017-07-15,Volume Intensity,0.2749
2017-07-16,Volume Intensity,0.2474
2017-07-17,Volume Intensity,0.2435
2017-07-18,Volume Intensity,0.2327
2017-07-19,Volume Intensity,0.229
2017-07-20,Volume Intensity,0.2174
2017-07-21,Volume Intensity,0.2165
2017-07-22,Volume Intensity,0.2102
2017-07-23,Volume Intensity,0.2049
2017-07-24,Volume Intensity,0.1971
2017-07-25,Volume Intensity,0.1875
2017-07-26,Volume Intensity,0.1856
2017-07-27,Volume Intensity,0.1848
2017-07-28,Volume Intensity,0.19
2017-07-29,Volume Intensity,0.1717
2017-07-30,Volume Intensity,0.1741
2017-07-31,Volume Intensity,0.1725
2017-08-01,Volume Intensity,0.1656
2017-08-02,Volume Intensity,0.1632
2017-08-03,Volume Intensity,0.1657
2017-08-04,Volume Intensity,0.1732
2017-08-05,Volume Intensity,0.1948
2017-08-06,Volume Intensity,0.2051
2017-08-07,Volume Intensity,0.2205
2017-08-08,Volume Intensity,0.2169
2017-08-09,Volume Intensity,0.2112
2017-08-10,Volume Intensity,0.213
2017-08-11,Volume Intensity,0.1878
2017-08-12,Volume Intensity,0.1808
2017-08-13,Volume Intensity,0.1957
2017-08-14,Volume Intensity,0.2009
2017-08-15,Volume Intensity,0.2019
2017-08-16,Volume Intensity,0.208
2017-08-17,Volume Intensity,0.2178
2017-08-18,Volume Intensity,0.2229
2017-08-19,Volume Intensity,0.2023
2017-08-20,Volume Intensity,0.2029
2017-08-21,Volume Intensity,0.2079
2017-08-22,Volume Intensity,0.2089
2017-08-23,Volume Intensity,0.1999
2017-08-24,Volume Intensity,0.23
2017-08-25,Volume Intensity,0.2215
2017-08-26,Volume Intensity,0.2111
2017-08-27,Volume Intensity,0.2129
2017-08-28,Volume Intensity,0.2167
2017-08-29,Volume Intensity,0.2168
2017-08-30,Volume Intensity,0.1785
2017-08-31,Volume Intensity,0.1858
2017-09-01,Volume Intensity,0.2025
2017-09-02,Volume Intensity,0.1985
2017-09-03,Volume Intensity,0.1968
2017-09-04,Volume Intensity,0.2078
2017-09-05,Volume Intensity,0.2133
2017-09-06,Volume Intensity,0.222
2017-09-07,Volume Intensity,0.2115
2017-09-08,Volume Intensity,0.2096
2017-09-09,Volume Intensity,0.2091
2017-09-10,Volume Intensity,0.2081
2017-09-11,Volume Intensity,0.209
2017-09-12,Volume Intensity,0.2048
2017-09-13,Volume Intensity,0.2071
2017-09-14,Volume Intensity,0.2087
2017-09-15,Volume Intensity,0.1986
2017-09-16,Volume Intensity,0.1907
2017-09-17,Volume Intensity,0.2034
2017-09-18,Volume Intensity,0.2085
2017-09-19,Volume Intensity,0.2188
2017-09-20,Volume Intensity,0.2295
2017-09-21,Volume Intensity,0.2369
2017-09-22,Volume Intensity,0.2486
2017-09-23,Volume Intensity,0.2364
2017-09-24,Volume Intensity,0.2411
2017-09-25,Volume Intensity,0.223
2017-09-26,Volume Intensity,0.2104
2017-09-27,Volume Intensity,0.2095
2017-09-28,Volume Intensity,0.199
2017-09-29,Volume Intensity,0.205
2017-09-30,Volume Intensity,0.2076
2017-10-01,Volume Intensity,0.2296
2017-10-02,Volume Intensity,0.248
2017-10-03,Volume Intensity,0.2515
2017-10-04,Volume Intensity,0.2541
2017-10-05,Volume Intensity,0.2459
2017-10-06,Volume Intensity,0.2295
2017-10-07,Volume Intensity,0.2128
2017-10-08,Volume Intensity,0.2084
2017-10-09,Volume Intensity,0.2049
2017-10-10,Volume Intensity,0.2047
2017-10-11,Volume Intensity,0.2175
2017-10-12,Volume Intensity,0.2139
2017-10-13,Volume Intensity,0.2114
2017-10-14,Volume Intensity,0.2022
2017-10-15,Volume Intensity,0.212
2017-10-16,Volume Intensity,0.2038
2017-10-17,Volume Intensity,0.1932
2017-10-18,Volume Intensity,0.2033
2017-10-19,Volume Intensity,0.2195
2017-10-20,Volume Intensity,0.2329
2017-10-21,Volume Intensity,0.2233
2017-10-22,Volume Intensity,0.2335
2017-10-23,Volume Intensity,0.2369
2017-10-24,Volume Intensity,0.2296
2017-10-25,Volume Intensity,0.2219
2017-10-26,Volume Intensity,0.2128
2017-10-27,Volume Intensity,0.2114
2017-10-28,Volume Intensity,0.195
2017-10-29,Volume Intensity,0.1928
2017-10-30,Volume Intensity,0.1938
2017-10-31,Volume Intensity,0.184
2017-11-01,Volume Intensity,0.1764
2017-11-02,Volume Intensity,0.1707
2017-11-03,Volume Intensity,0.1792
2017-11-04,Volume Intensity,0.1642
2017-11-05,Volume Intensity,0.1567
2017-11-06,Volume Intensity,0.1742
2017-11-07,Volume Intensity,0.1892
2017-11-08,Volume Intensity,0.1911
2017-11-09,Volume Intensity,0.1933
2017-11-10,Volume Intensity,0.2214
2017-11-11,Volume Intensity,0.2331
2017-11-12,Volume Intensity,0.2256
2017-11-13,Volume Intensity,0.2122
2017-11-14,Volume Intensity,0.2189
2017-11-15,Volume Intensity,0.2283
2017-11-16,Volume Intensity,0.2148
2017-11-17,Volume Intensity,0.2139
2017-11-18,Volume Intensity,0.2053
2017-11-19,Volume Intensity,0.196
2017-11-20,Volume Intensity,0.1947
2017-11-21,Volume Intensity,0.1882
2017-11-22,Volume Intensity,0.1912
2017-11-23,Volume Intensity,0.1975
2017-11-24,Volume Intensity,0.2214
2017-11-25,Volume Intensity,0.2438
2017-11-26,Volume Intensity,0.2502
2017-11-27,Volume Intensity,0.2583
2017-11-28,Volume Intensity,0.2529
2017-11-29,Volume Intensity,0.2489
2017-11-30,Volume Intensity,0.2318
2017-12-03,Volume Intensity,0.2237
2017-12-04,Volume Intensity,0.2304
2017-12-05,Volume Intensity,0.2176
2017-12-06,Volume Intensity,0.2166
2017-12-07,Volume Intensity,0.2192
2017-12-08,Volume Intensity,0.2199
2017-12-09,Volume Intensity,0.2029
2017-12-10,Volume Intensity,0.1932
2017-12-11,Volume Intensity,0.1986
2017-12-12,Volume Intensity,0.1979
2017-12-13,Volume Intensity,0.1899
2017-12-14,Volume Intensity,0.19
2017-12-15,Volume Intensity,0.2049
2017-12-16,Volume Intensity,0.2185
2017-12-17,Volume Intensity,0.2235
2017-12-18,Volume Intensity,0.2456
2017-12-19,Volume Intensity,0.2561
2017-12-20,Volume Intensity,0.2592
2017-12-21,Volume Intensity,0.2505
2017-12-22,Volume Intensity,0.2228
2017-12-23,Volume Intensity,0.2134
2017-12-24,Volume Intensity,0.1845
2017-12-25,Volume Intensity,0.1682
2017-12-26,Volume Intensity,0.1529
2017-12-27,Volume Intensity,0.1472
2017-12-28,Volume Intensity,0.1623
2017-12-29,Volume Intensity,0.1623
2017-12-30,Volume Intensity,0.1647
2017-12-31,Volume Intensity,0.1973
2018-01-01,Volume Intensity,0.208
2018-01-02,Volume Intensity,0.2195
2018-01-03,Volume Intensity,0.2103
2018-01-04,Volume Intensity,0.2094
2018-01-05,Volume Intensity,0.2158
2018-01-06,Volume Intensity,0.1804
2018-01-07,Volume Intensity,0.1757
2018-01-08,Volume Intensity,0.1688
2018-01-09,Volume Intensity,0.175
2018-01-10,Volume Intensity,0.1754
2018-01-11,Volume Intensity,0.1823
2018-01-12,Volume Intensity,0.1883
2018-01-13,Volume Intensity,0.191
2018-01-14,Volume Intensity,0.1983
2018-01-15,Volume Intensity,0.2036
2018-01-16,Volume Intensity,0.2079
2018-01-17,Volume Intensity,0.206
2018-01-18,Volume Intensity,0.2135
2018-01-19,Volume Intensity,0.2165
2018-01-20,Volume Intensity,0.2078
2018-01-21,Volume Intensity,0.212
2018-01-22,Volume Intensity,0.206
2018-01-23,Volume Intensity,0.199
2018-01-24,Volume Intensity,0.192
2018-01-25,Volume Intensity,0.1975
2018-01-26,Volume Intensity,0.2111
2018-01-27,Volume Intensity,0.2155
2018-01-28,Volume Intensity,0.2408
2018-01-29,Volume Intensity,0.2465
2018-01-30,Volume Intensity,0.247
2018-01-31,Volume Intensity,0.242
2018-02-01,Volume Intensity,0.2392
2018-02-02,Volume Intensity,0.2173
2018-02-03,Volume Intensity,0.2238
2018-02-04,Volume Intensity,0.2261
2018-02-05,Volume Intensity,0.2318
2018-02-06,Volume Intensity,0.2447
2018-02-07,Volume Intensity,0.2417
2018-02-08,Volume Intensity,0.2443
2018-02-09,Volume Intensity,0.215
2018-02-10,Volume Intensity,0.2058
2018-02-11,Volume Intensity,0.1985
2018-02-12,Volume Intensity,0.1853
2018-02-13,Volume Intensity,0.193
2018-02-14,Volume Intensity,0.2112
2018-02-15,Volume Intensity,0.2181
2018-02-16,Volume Intensity,0.2262
2018-02-17,Volume Intensity,0.2319
2018-02-18,Volume Intensity,0.2545
2018-02-19,Volume Intensity,0.2418
2018-02-20,Volume Intensity,0.2313
2018-02-21,Volume Intensity,0.2368
2018-02-22,Volume Intensity,0.2418
2018-02-23,Volume Intensity,0.2478
2018-02-24,Volume Intensity,0.2535
2018-02-25,Volume Intensity,0.3009
2018-02-26,Volume Intensity,0.3122
2018-02-27,Volume Intensity,0.3106
2018-02-28,Volume Intensity,0.3054
2018-03-01,Volume Intensity,0.3006
2018-03-02,Volume Intensity,0.2802
2018-03-03,Volume Intensity,0.2479
2018-03-04,Volume Intensity,0.2388
2018-03-05,Volume Intensity,0.2384
2018-03-06,Volume Intensity,0.24
2018-03-07,Volume Intensity,0.2446
2018-03-08,Volume Intensity,0.2422
2018-03-09,Volume Intensity,0.25
2018-03-10,Volume Intensity,0.2622
2018-03-11,Volume Intensity,0.2621
2018-03-12,Volume Intensity,0.2685
2018-03-13,Volume Intensity,0.2726
2018-03-14,Volume Intensity,0.2705
2018-03-15,Volume Intensity,0.2523
2018-03-16,Volume Intensity,0.2298
2018-03-17,Volume Intensity,0.2198
2018-03-18,Volume Intensity,0.1985
2018-03-19,Volume Intensity,0.1868
2018-03-20,Volume Intensity,0.1823
2018-03-21,Volume Intensity,0.1822
2018-03-22,Volume Intensity,0.1799
2018-03-23,Volume Intensity,0.1773
2018-03-24,Volume Intensity,0.1857
2018-03-25,Volume Intensity,0.1847
2018-03-26,Volume Intensity,0.188
2018-03-27,Volume Intensity,0.1965
2018-03-28,Volume Intensity,0.2045
2018-03-29,Volume Intensity,0.2088
2018-03-30,Volume Intensity,0.2083
2018-03-31,Volume Intensity,0.216
2018-04-01,Volume Intensity,0.2251
2018-04-02,Volume Intensity,0.2202
2018-04-03,Volume Intensity,0.219
2018-04-04,Volume Intensity,0.2226
2018-04-05,Volume Intensity,0.2165
2018-04-06,Volume Intensity,0.2049
2018-04-07,Volume Intensity,0.1821
2018-04-08,Volume Intensity,0.1782
2018-04-09,Volume Intensity,0.185
2018-04-10,Volume Intensity,0.187
2018-04-11,Volume Intensity,0.1946
2018-04-12,Volume Intensity,0.2046
2018-04-13,Volume Intensity,0.2253
2018-04-14,Volume Intensity,0.2498
2018-04-15,Volume Intensity,0.2527
2018-04-16,Volume Intensity,0.2566
2018-04-17,Volume Intensity,0.2571
2018-04-18,Volume Intensity,0.2582
2018-04-19,Volume Intensity,0.2473
2018-04-20,Volume Intensity,0.2363
2018-04-21,Volume Intensity,0.2276
2018-04-22,Volume Intensity,0.2299
2018-04-23,Volume Intensity,0.2353
2018-04-24,Volume Intensity,0.2371
2018-04-25,Volume Intensity,0.2437
2018-04-26,Volume Intensity,0.2323
2018-04-27,Volume Intensity,0.2358
2018-04-28,Volume Intensity,0.2417
2018-04-29,Volume Intensity,0.2486
2018-04-30,Volume Intensity,0.2713
2018-05-01,Volume Intensity,0.3038
2018-05-02,Volume Intensity,0.3167
2018-05-03,Volume Intensity,0.3081
2018-05-04,Volume Intensity,0.2959
2018-05-05,Volume Intensity,0.2933
2018-05-06,Volume Intensity,0.2704
2018-05-07,Volume Intensity,0.224
2018-05-08,Volume Intensity,0.2081
2018-05-09,Volume Intensity,0.2103
2018-05-10,Volume Intensity,0.2017
2018-05-11,Volume Intensity,0.1946
2018-05-12,Volume Intensity,0.2093
2018-05-13,Volume Intensity,0.2318
2018-05-14,Volume Intensity,0.2655
2018-05-15,Volume Intensity,0.2666
2018-05-16,Volume Intensity,0.2672
2018-05-17,Volume Intensity,0.2636
2018-05-18,Volume Intensity,0.2392
2018-05-19,Volume Intensity,0.2102
2018-05-20,Volume Intensity,0.1723
2018-05-21,Volume Intensity,0.1717
2018-05-22,Volume Intensity,0.1692
2018-05-23,Volume Intensity,0.1682
2018-05-24,Volume Intensity,0.1741
2018-05-25,Volume Intensity,0.1923
2018-05-26,Volume Intensity,0.2152
2018-05-27,Volume Intensity,0.2309
2018-05-28,Volume Intensity,0.2225
2018-05-29,Volume Intensity,0.2189
2018-05-30,Volume Intensity,0.2267
2018-05-31,Volume Intensity,0.2305
2018-06-01,Volume Intensity,0.2151
2018-06-02,Volume Intensity,0.1908
2018-06-03,Volume Intensity,0.2
2018-06-04,Volume Intensity,0.1994
2018-06-05,Volume Intensity,0.1957
2018-06-06,Volume Intensity,0.1917
2018-06-07,Volume Intensity,0.1941
2018-06-08,Volume Intensity,0.2116
2018-06-09,Volume Intensity,0.2246
2018-06-10,Volume Intensity,0.2295
2018-06-11,Volume Intensity,0.2317
2018-06-12,Volume Intensity,0.2385
2018-06-13,Volume Intensity,0.2452
2018-06-14,Volume Intensity,0.2449
2018-06-15,Volume Intensity,0.2428
2018-06-16,Volume Intensity,0.2622
2018-06-17,Volume Intensity,0.2578
2018-06-18,Volume Intensity,0.2637
2018-06-19,Volume Intensity,0.2687
2018-06-20,Volume Intensity,0.2921
2018-06-21,Volume Intensity,0.2941
2018-06-22,Volume Intensity,0.2923
2018-06-23,Volume Intensity,0.3126
2018-06-24,Volume Intensity,0.3109
2018-06-25,Volume Intensity,0.3031
2018-06-26,Volume Intensity,0.2765
2018-06-27,Volume Intensity,0.2872
2018-06-28,Volume Intensity,0.2693
2018-06-29,Volume Intensity,0.261
2018-06-30,Volume Intensity,0.2712
2018-07-01,Volume Intensity,0.2866
2018-07-02,Volume Intensity,0.2817
2018-07-03,Volume Intensity,0.266
2018-07-04,Volume Intensity,0.2689
2018-07-05,Volume Intensity,0.259
2018-07-06,Volume Intensity,0.2353
2018-07-07,Volume Intensity,0.217
2018-07-08,Volume Intensity,0.2223
2018-07-09,Volume Intensity,0.239
2018-07-10,Volume Intensity,0.2323
2018-07-11,Volume Intensity,0.221
2018-07-12,Volume Intensity,0.2388
2018-07-13,Volume Intensity,0.2576
2018-07-14,Volume Intensity,0.2651
2018-07-15,Volume Intensity,0.2447
2018-07-16,Volume Intensity,0.2569
2018-07-17,Volume Intensity,0.2799
2018-07-18,Volume Intensity,0.2695
2018-07-19,Volume Intensity,0.2689
2018-07-20,Volume Intensity,0.2618
2018-07-21,Volume Intensity,0.2526
2018-07-22,Volume Intensity,0.25
2018-07-23,Volume Intensity,0.2293
2018-07-24,Volume Intensity,0.2276
2018-07-25,Volume Intensity,0.2146
2018-07-26,Volume Intensity,0.2092
2018-07-27,Volume Intensity,0.2086
2018-07-28,Volume Intensity,0.1913
2018-07-29,Volume Intensity,0.2217
2018-07-30,Volume Intensity,0.2445
2018-07-31,Volume Intensity,0.2423
2018-08-01,Volume Intensity,0.2607
2018-08-02,Volume Intensity,0.273
2018-08-03,Volume Intensity,0.2951
2018-08-04,Volume Intensity,0.2869
2018-08-05,Volume Intensity,0.2921
2018-08-06,Volume Intensity,0.2944
2018-08-07,Volume Intensity,0.2848
2018-08-08,Volume Intensity,0.2921
2018-08-09,Volume Intensity,0.2981
2018-08-10,Volume Intensity,0.2833
2018-08-11,Volume Intensity,0.2443
2018-08-12,Volume Intensity,0.2415
2018-08-13,Volume Intensity,0.2408
2018-08-14,Volume Intensity,0.2352
2018-08-15,Volume Intensity,0.2321
2018-08-16,Volume Intensity,0.2305
2018-08-17,Volume Intensity,0.2331
2018-08-18,Volume Intensity,0.239
2018-08-19,Volume Intensity,0.2457
2018-08-20,Volume Intensity,0.2561
2018-08-21,Volume Intensity,0.2509
2018-08-22,Volume Intensity,0.2503
2018-08-23,Volume Intensity,0.2643
2018-08-24,Volume Intensity,0.2574
2018-08-25,Volume Intensity,0.2467
2018-08-26,Volume Intensity,0.2435
2018-08-27,Volume Intensity,0.2396
2018-08-28,Volume Intensity,0.2489
2018-08-29,Volume Intensity,0.2512
2018-08-30,Volume Intensity,0.2553
2018-08-31,Volume Intensity,0.2483
2018-09-01,Volume Intensity,0.2375
2018-09-02,Volume Intensity,0.2488
2018-09-03,Volume Intensity,0.2482
2018-09-04,Volume Intensity,0.2443
2018-09-05,Volume Intensity,0.2594
2018-09-06,Volume Intensity,0.2704
2018-09-07,Volume Intensity,0.2686
2018-09-08,Volume Intensity,0.2802
2018-09-09,Volume Intensity,0.3076
2018-09-10,Volume Intensity,0.3122
2018-09-11,Volume Intensity,0.3107
2018-09-12,Volume Intensity,0.3157
2018-09-13,Volume Intensity,0.3339
2018-09-14,Volume Intensity,0.3118
2018-09-15,Volume Intensity,0.2892
2018-09-16,Volume Intensity,0.2979
2018-09-17,Volume Intensity,0.2903
2018-09-18,Volume Intensity,0.3105
2018-09-19,Volume Intensity,0.313
2018-09-20,Volume Intensity,0.3363
2018-09-21,Volume Intensity,0.3254
2018-09-22,Volume Intensity,0.3056
2018-09-23,Volume Intensity,0.315
2018-09-24,Volume Intensity,0.3005
2018-09-25,Volume Intensity,0.2939
2018-09-26,Volume Intensity,0.2724
2018-09-27,Volume Intensity,0.2737
2018-09-28,Volume Intensity,0.2782
2018-09-29,Volume Intensity,0.2671
2018-09-30,Volume Intensity,0.2641
2018-10-01,Volume Intensity,0.2601
2018-10-02,Volume Intensity,0.2828
2018-10-03,Volume Intensity,0.2856
2018-10-04,Volume Intensity,0.2839
2018-10-05,Volume Intensity,0.2843
2018-10-06,Volume Intensity,0.2617
2018-10-07,Volume Intensity,0.2677
2018-10-08,Volume Intensity,0.2481
2018-10-09,Volume Intensity,0.249
2018-10-10,Volume Intensity,0.2515
2018-10-11,Volume Intensity,0.2429
2018-10-12,Volume Intensity,0.2598
2018-10-13,Volume Intensity,0.2617
2018-10-14,Volume Intensity,0.2695
2018-10-15,Volume Intensity,0.2688
2018-10-16,Volume Intensity,0.2634
2018-10-17,Volume Intensity,0.2626
2018-10-18,Volume Intensity,0.2635
2018-10-19,Volume Intensity,0.2502
2018-10-20,Volume Intensity,0.2617
2018-10-21,Volume Intensity,0.2479
2018-10-22,Volume Intensity,0.2453
2018-10-23,Volume Intensity,0.2401
2018-10-24,Volume Intensity,0.2392
2018-10-25,Volume Intensity,0.2422
2018-10-26,Volume Intensity,0.2235
2018-10-27,Volume Intensity,0.2711
2018-10-28,Volume Intensity,0.2767
2018-10-29,Volume Intensity,0.289
2018-10-30,Volume Intensity,0.285
2018-10-31,Volume Intensity,0.2857
2018-11-01,Volume Intensity,0.2867
2018-11-02,Volume Intensity,0.2418
2018-11-03,Volume Intensity,0.2359
2018-11-04,Volume Intensity,0.2368
2018-11-05,Volume Intensity,0.2495
2018-11-06,Volume Intensity,0.2432
2018-11-07,Volume Intensity,0.2375
2018-11-08,Volume Intensity,0.2542
2018-11-09,Volume Intensity,0.264
2018-11-10,Volume Intensity,0.2434
2018-11-11,Volume Intensity,0.2425
2018-11-12,Volume Intensity,0.2634
2018-11-13,Volume Intensity,0.2785
2018-11-14,Volume Intensity,0.2898
2018-11-15,Volume Intensity,0.312
2018-11-16,Volume Intensity,0.3488
2018-11-17,Volume Intensity,0.3483
2018-11-18,Volume Intensity,0.357
2018-11-19,Volume Intensity,0.3525
2018-11-20,Volume Intensity,0.3385
2018-11-21,Volume Intensity,0.3145
2018-11-22,Volume Intensity,0.3031
2018-11-23,Volume Intensity,0.2964
2018-11-24,Volume Intensity,0.2956
2018-11-25,Volume Intensity,0.3224
2018-11-26,Volume Intensity,0.3366
2018-11-27,Volume Intensity,0.3455
2018-11-28,Volume Intensity,0.3491
2018-11-29,Volume Intensity,0.354
2018-11-30,Volume Intensity,0.3412
2018-12-01,Volume Intensity,0.306
2018-12-02,Volume Intensity,0.2872
2018-12-03,Volume Intensity,0.2895
2018-12-04,Volume Intensity,0.2854
2018-12-05,Volume Intensity,0.2849
2018-12-06,Volume Intensity,0.2845
2018-12-07,Volume Intensity,0.2896
2018-12-08,Volume Intensity,0.3166
2018-12-09,Volume Intensity,0.3377
2018-12-10,Volume Intensity,0.3545
2018-12-11,Volume Intensity,0.3574
2018-12-12,Volume Intensity,0.3709
2018-12-13,Volume Intensity,0.37
2018-12-14,Volume Intensity,0.3594
2018-12-15,Volume Intensity,0.3237
2018-12-16,Volume Intensity,0.2983
2018-12-17,Volume Intensity,0.2985
2018-12-18,Volume Intensity,0.2807
2018-12-19,Volume Intensity,0.2829
2018-12-20,Volume Intensity,0.2747
2018-12-21,Volume Intensity,0.2614
2018-12-22,Volume Intensity,0.2495
2018-12-23,Volume Intensity,0.2506
2018-12-24,Volume Intensity,0.242
2018-12-25,Volume Intensity,0.2197
2018-12-26,Volume Intensity,0.1926
2018-12-27,Volume Intensity,0.1972
2018-12-28,Volume Intensity,0.213
2018-12-29,Volume Intensity,0.199
2018-12-30,Volume Intensity,0.2689
2018-12-31,Volume Intensity,0.3051
2019-01-01,Volume Intensity,0.3424
2019-01-02,Volume Intensity,0.3431
2019-01-03,Volume Intensity,0.3443
2019-01-04,Volume Intensity,0.3356
2019-01-05,Volume Intensity,0.249
2019-01-06,Volume Intensity,0.2237
2019-01-07,Volume Intensity,0.1992
2019-01-08,Volume Intensity,0.1971
2019-01-09,Volume Intensity,0.181
2019-01-10,Volume Intensity,0.1841
2019-01-11,Volume Intensity,0.1999
2019-01-12,Volume Intensity,0.209
2019-01-13,Volume Intensity,0.2152
2019-01-14,Volume Intensity,0.2301
2019-01-15,Volume Intensity,0.2447
2019-01-16,Volume Intensity,0.2518
2019-01-17,Volume Intensity,0.251
2019-01-18,Volume Intensity,0.2507
2019-01-19,Volume Intensity,0.2637
2019-01-20,Volume Intensity,0.2722
2019-01-21,Volume Intensity,0.294
2019-01-22,Volume Intensity,0.308
2019-01-23,Volume Intensity,0.3151
2019-01-24,Volume Intensity,0.3195
2019-01-25,Volume Intensity,0.3116
2019-01-26,Volume Intensity,0.3184
2019-01-27,Volume Intensity,0.3273
2019-01-28,Volume Intensity,0.3193
2019-01-29,Volume Intensity,0.3284
2019-01-30,Volume Intensity,0.323
2019-01-31,Volume Intensity,0.3215
2019-02-01,Volume Intensity,0.3117
2019-02-02,Volume Intensity,0.2729
2019-02-03,Volume Intensity,0.2978
2019-02-04,Volume Intensity,0.2951
2019-02-05,Volume Intensity,0.2915
2019-02-06,Volume Intensity,0.3001
2019-02-07,Volume Intensity,0.2963
2019-02-08,Volume Intensity,0.2975
2019-02-09,Volume Intensity,0.249
2019-02-10,Volume Intensity,0.2411
2019-02-11,Volume Intensity,0.2591
2019-02-12,Volume Intensity,0.2475
2019-02-13,Volume Intensity,0.2422
2019-02-14,Volume Intensity,0.2683
2019-02-15,Volume Intensity,0.3107
2019-02-16,Volume Intensity,0.325
2019-02-17,Volume Intensity,0.3515
2019-02-18,Volume Intensity,0.3707
2019-02-19,Volume Intensity,0.3857
2019-02-20,Volume Intensity,0.3859
2019-02-21,Volume Intensity,0.3706
2019-02-22,Volume Intensity,0.3716
2019-02-23,Volume Intensity,0.3293
2019-02-24,Volume Intensity,0.325
2019-02-25,Volume Intensity,0.32
2019-02-26,Volume Intensity,0.2984
2019-02-27,Volume Intensity,0.2996
2019-02-28,Volume Intensity,0.2801
2019-03-01,Volume Intensity,0.2833
2019-03-02,Volume Intensity,0.2737
2019-03-03,Volume Intensity,0.2663
2019-03-04,Volume Intensity,0.2778
2019-03-05,Volume Intensity,0.2804
2019-03-06,Volume Intensity,0.2893
2019-03-07,Volume Intensity,0.2994
2019-03-08,Volume Intensity,0.311
2019-03-09,Volume Intensity,0.3195
2019-03-10,Volume Intensity,0.3322
2019-03-11,Volume Intensity,0.3366
2019-03-12,Volume Intensity,0.3727
2019-03-13,Volume Intensity,0.3659
2019-03-14,Volume Intensity,0.3629
2019-03-15,Volume Intensity,0.3711
2019-03-16,Volume Intensity,0.3818
2019-03-17,Volume Intensity,0.3563
2019-03-18,Volume Intensity,0.3249
2019-03-19,Volume Intensity,0.3136
2019-03-20,Volume Intensity,0.3236
2019-03-21,Volume Intensity,0.3256
2019-03-22,Volume Intensity,0.3201
2019-03-23,Volume Intensity,0.3605
2019-03-24,Volume Intensity,0.3742
2019-03-25,Volume Intensity,0.39
2019-03-26,Volume Intensity,0.3709
2019-03-27,Volume Intensity,0.3844
2019-03-28,Volume Intensity,0.3703
2019-03-29,Volume Intensity,0.3693
2019-03-30,Volume Intensity,0.3929
2019-03-31,Volume Intensity,0.3873
2019-04-01,Volume Intensity,0.3781
2019-04-02,Volume Intensity,0.356
2019-04-03,Volume Intensity,0.3598
2019-04-04,Volume Intensity,0.3327
2019-04-05,Volume Intensity,0.2967
2019-04-06,Volume Intensity,0.3274
2019-04-07,Volume Intensity,0.3667
2019-04-08,Volume Intensity,0.3639
2019-04-09,Volume Intensity,0.3332
2019-04-10,Volume Intensity,0.3321
2019-04-11,Volume Intensity,0.3398
2019-04-12,Volume Intensity,0.3091
2019-04-13,Volume Intensity,0.2741
2019-04-14,Volume Intensity,0.2738
2019-04-15,Volume Intensity,0.3132
2019-04-16,Volume Intensity,0.3239
2019-04-17,Volume Intensity,0.3073
2019-04-18,Volume Intensity,0.297
2019-04-19,Volume Intensity,0.2994
2019-04-20,Volume Intensity,0.2948
2019-04-21,Volume Intensity,0.3161
2019-04-22,Volume Intensity,0.3031
2019-04-23,Volume Intensity,0.3088
2019-04-24,Volume Intensity,0.3252
2019-04-25,Volume Intensity,0.3263
2019-04-26,Volume Intensity,0.321
2019-04-27,Volume Intensity,0.2976
2019-04-28,Volume Intensity,0.3413
2019-04-29,Volume Intensity,0.3487
2019-04-30,Volume Intensity,0.349
2019-05-01,Volume Intensity,0.3756
2019-05-02,Volume Intensity,0.3741
2019-05-03,Volume Intensity,0.3388
2019-05-04,Volume Intensity,0.2886
2019-05-05,Volume Intensity,0.2979
2019-05-06,Volume Intensity,0.2818
2019-05-07,Volume Intensity,0.2437
2019-05-08,Volume Intensity,0.2537
2019-05-09,Volume Intensity,0.2649
2019-05-10,Volume Intensity,0.2788
2019-05-11,Volume Intensity,0.2767
2019-05-12,Volume Intensity,0.3001
2019-05-13,Volume Intensity,0.3274
2019-05-14,Volume Intensity,0.3418
2019-05-15,Volume Intensity,0.356
2019-05-16,Volume Intensity,0.3625
2019-05-17,Volume Intensity,0.359
2019-05-18,Volume Intensity,0.373
2019-05-19,Volume Intensity,0.3819
2019-05-20,Volume Intensity,0.3827
2019-05-21,Volume Intensity,0.3746
2019-05-22,Volume Intensity,0.3878
2019-05-23,Volume Intensity,0.3847
2019-05-24,Volume Intensity,0.3753
2019-05-25,Volume Intensity,0.3761
2019-05-26,Volume Intensity,0.4313
2019-05-27,Volume Intensity,0.5072
2019-05-28,Volume Intensity,0.516
2019-05-29,Volume Intensity,0.527
2019-05-30,Volume Intensity,0.52
2019-05-31,Volume Intensity,0.4941
2019-06-01,Volume Intensity,0.4124
2019-06-02,Volume Intensity,0.3324
2019-06-03,Volume Intensity,0.3079
2019-06-04,Volume Intensity,0.2953
2019-06-05,Volume Intensity,0.2852
2019-06-06,Volume Intensity,0.2693
2019-06-07,Volume Intensity,0.2879
2019-06-08,Volume Intensity,0.3011
2019-06-09,Volume Intensity,0.3114
2019-06-10,Volume Intensity,0.3151
2019-06-11,Volume Intensity,0.3162
2019-06-12,Volume Intensity,0.3396
2019-06-13,Volume Intensity,0.3144
2019-06-14,Volume Intensity,0.299
2019-06-15,Volume Intensity,0.2817
2019-06-16,Volume Intensity,0.2805
2019-06-17,Volume Intensity,0.2724
2019-06-18,Volume Intensity,0.2644
2019-06-19,Volume Intensity,0.2815
2019-06-20,Volume Intensity,0.2894
2019-06-21,Volume Intensity,0.2929
2019-06-22,Volume Intensity,0.3044
2019-06-23,Volume Intensity,0.3108
2019-06-24,Volume Intensity,0.3066
2019-06-25,Volume Intensity,0.3057
2019-06-26,Volume Intensity,0.3129
2019-06-27,Volume Intensity,0.3155
2019-06-28,Volume Intensity,0.3
2019-06-29,Volume Intensity,0.3152
2019-06-30,Volume Intensity,0.3334
2019-07-01,Volume Intensity,0.3488
2019-07-02,Volume Intensity,0.3455
2019-07-03,Volume Intensity,0.3281
2019-07-04,Volume Intensity,0.3187
2019-07-05,Volume Intensity,0.3143
2019-07-06,Volume Intensity,0.312
2019-07-07,Volume Intensity,0.3178
2019-07-08,Volume Intensity,0.3028
2019-07-09,Volume Intensity,0.314
2019-07-10,Volume Intensity,0.32
2019-07-11,Volume Intensity,0.2968
2019-07-12,Volume Intensity,0.2715
2019-07-13,Volume Intensity,0.2447
2019-07-14,Volume Intensity,0.2594
2019-07-15,Volume Intensity,0.2608
2019-07-16,Volume Intensity,0.2522
2019-07-17,Volume Intensity,0.2599
2019-07-18,Volume Intensity,0.2719
2019-07-19,Volume Intensity,0.2624
2019-07-20,Volume Intensity,0.2561
2019-07-21,Volume Intensity,0.257
2019-07-22,Volume Intensity,0.2499
2019-07-23,Volume Intensity,0.2424
2019-07-24,Volume Intensity,0.2508
2019-07-25,Volume Intensity,0.2597
2019-07-26,Volume Intensity,0.2628
2019-07-27,Volume Intensity,0.2713
2019-07-28,Volume Intensity,0.2957
2019-07-29,Volume Intensity,0.3181
2019-07-30,Volume Intensity,0.2981
2019-07-31,Volume Intensity,0.2966
2019-08-01,Volume Intensity,0.284
2019-08-02,Volume Intensity,0.2776
2019-08-03,Volume Intensity,0.253
2019-08-04,Volume Intensity,0.2461
2019-08-05,Volume Intensity,0.255
2019-08-06,Volume Intensity,0.2612
2019-08-07,Volume Intensity,0.266
2019-08-08,Volume Intensity,0.2613
2019-08-09,Volume Intensity,0.2765
2019-08-10,Volume Intensity,0.2587
2019-08-11,Volume Intensity,0.2468
2019-08-12,Volume Intensity,0.2441
2019-08-13,Volume Intensity,0.2531
2019-08-14,Volume Intensity,0.2594
2019-08-15,Volume Intensity,0.2608
2019-08-16,Volume Intensity,0.2617
2019-08-17,Volume Intensity,0.2778
2019-08-18,Volume Intensity,0.3386
2019-08-19,Volume Intensity,0.3297
2019-08-20,Volume Intensity,0.3325
2019-08-21,Volume Intensity,0.3304
2019-08-22,Volume Intensity,0.3451
2019-08-23,Volume Intensity,0.3576
2019-08-24,Volume Intensity,0.3092
2019-08-25,Volume Intensity,0.3007
2019-08-26,Volume Intensity,0.2805
2019-08-27,Volume Intensity,0.275
2019-08-28,Volume Intensity,0.2819
2019-08-29,Volume Intensity,0.2932
2019-08-30,Volume Intensity,0.2907
2019-08-31,Volume Intensity,0.3145
2019-09-01,Volume Intensity,0.3337
2019-09-02,Volume Intensity,0.3514
2019-09-03,Volume Intensity,0.3375
2019-09-04,Volume Intensity,0.3303
2019-09-05,Volume Intensity,0.3276
2019-09-06,Volume Intensity,0.3218
2019-09-07,Volume Intensity,0.3657
2019-09-08,Volume Intensity,0.3651
2019-09-09,Volume Intensity,0.3735
2019-09-10,Volume Intensity,0.3625
2019-09-11,Volume Intensity,0.3537
2019-09-12,Volume Intensity,0.3503
2019-09-13,Volume Intensity,0.3061
2019-09-14,Volume Intensity,0.2991
2019-09-15,Volume Intensity,0.3207
2019-09-16,Volume Intensity,0.3438
2019-09-17,Volume Intensity,0.3613
2019-09-18,Volume Intensity,0.3584
2019-09-19,Volume Intensity,0.3335
2019-09-20,Volume Intensity,0.3332
2019-09-21,Volume Intensity,0.322
2019-09-22,Volume Intensity,0.3241
2019-09-23,Volume Intensity,0.3295
2019-09-24,Volume Intensity,0.3231
2019-09-25,Volume Intensity,0.353
2019-09-26,Volume Intensity,0.3641
2019-09-27,Volume Intensity,0.3554
2019-09-28,Volume Intensity,0.3708
2019-09-29,Volume Intensity,0.3661
2019-09-30,Volume Intensity,0.365
2019-10-01,Volume Intensity,0.3746
2019-10-02,Volume Intensity,0.3707
2019-10-03,Volume Intensity,0.3676
2019-10-04,Volume Intensity,0.3213
2019-10-05,Volume Intensity,0.309
2019-10-06,Volume Intensity,0.328
2019-10-07,Volume Intensity,0.3018
2019-10-08,Volume Intensity,0.2965
2019-10-09,Volume Intensity,0.2932
2019-10-10,Volume Intensity,0.3059
2019-10-11,Volume Intensity,0.3154
2019-10-12,Volume Intensity,0.2987
2019-10-13,Volume Intensity,0.3487
2019-10-14,Volume Intensity,0.3593
2019-10-15,Volume Intensity,0.3649
2019-10-16,Volume Intensity,0.3636
2019-10-17,Volume Intensity,0.3881
2019-10-18,Volume Intensity,0.4209
2019-10-19,Volume Intensity,0.4545
2019-10-20,Volume Intensity,0.4755
2019-10-21,Volume Intensity,0.4921
2019-10-22,Volume Intensity,0.496
2019-10-23,Volume Intensity,0.4881
2019-10-24,Volume Intensity,0.4732
2019-10-25,Volume Intensity,0.4026
2019-10-26,Volume Intensity,0.3936
2019-10-27,Volume Intensity,0.4087
2019-10-28,Volume Intensity,0.408
2019-10-29,Volume Intensity,0.3775
2019-10-30,Volume Intensity,0.351
2019-10-31,Volume Intensity,0.3244
2019-11-01,Volume Intensity,0.297
2019-11-02,Volume Intensity,0.2593
2019-11-03,Volume Intensity,0.2599
2019-11-04,Volume Intensity,0.2789
2019-11-05,Volume Intensity,0.3079
2019-11-06,Volume Intensity,0.3248
2019-11-07,Volume Intensity,0.3183
2019-11-08,Volume Intensity,0.302
2019-11-09,Volume Intensity,0.2868
2019-11-10,Volume Intensity,0.2564
2019-11-11,Volume Intensity,0.238
2019-11-12,Volume Intensity,0.2301
2019-11-13,Volume Intensity,0.224
2019-11-14,Volume Intensity,0.2457
2019-11-15,Volume Intensity,0.2381
2019-11-16,Volume Intensity,0.2593
2019-11-17,Volume Intensity,0.279
2019-11-18,Volume Intensity,0.2948
2019-11-19,Volume Intensity,0.3089
2019-11-20,Volume Intensity,0.2969
2019-11-21,Volume Intensity,0.3179
2019-11-22,Volume Intensity,0.3123
2019-11-23,Volume Intensity,0.304
2019-11-24,Volume Intensity,0.3259
2019-11-25,Volume Intensity,0.3311
2019-11-26,Volume Intensity,0.3415
2019-11-27,Volume Intensity,0.333
2019-11-28,Volume Intensity,0.3318
2019-11-29,Volume Intensity,0.3157
2019-11-30,Volume Intensity,0.2833
2019-12-01,Volume Intensity,0.3123
2019-12-02,Volume Intensity,0.3012
2019-12-03,Volume Intensity,0.2939
2019-12-04,Volume Intensity,0.2928
2019-12-05,Volume Intensity,0.3025
2019-12-06,Volume Intensity,0.3014
2019-12-07,Volume Intensity,0.2633
2019-12-08,Volume Intensity,0.2886
2019-12-09,Volume Intensity,0.2841
2019-12-10,Volume Intensity,0.2772
2019-12-11,Volume Intensity,0.2692
2019-12-12,Volume Intensity,0.2675
2019-12-13,Volume Intensity,0.2953
2019-12-14,Volume Intensity,0.2776
2019-12-15,Volume Intensity,0.2644
2019-12-16,Volume Intensity,0.2644
2019-12-17,Volume Intensity,0.2619
2019-12-18,Volume Intensity,0.261
2019-12-19,Volume Intensity,0.2315
2019-12-20,Volume Intensity,0.2449
2019-12-21,Volume Intensity,0.243
2019-12-22,Volume Intensity,0.2567
2019-12-23,Volume Intensity,0.2462
2019-12-24,Volume Intensity,0.2418
2019-12-25,Volume Intensity,0.2235
2019-12-26,Volume Intensity,0.1797
2019-12-27,Volume Intensity,0.2092
2019-12-28,Volume Intensity,0.2085
2019-12-29,Volume Intensity,0.2185
2019-12-30,Volume Intensity,0.2072
2019-12-31,Volume Intensity,0.2419
2020-01-01,Volume Intensity,0.2665
2020-01-02,Volume Intensity,0.2517
2020-01-03,Volume Intensity,0.2339
2020-01-04,Volume Intensity,0.2592
2020-01-05,Volume Intensity,0.2714
2020-01-06,Volume Intensity,0.2576
2020-01-07,Volume Intensity,0.2644
2020-01-08,Volume Intensity,0.2697
2020-01-09,Volume Intensity,0.2786
2020-01-10,Volume Intensity,0.2748
2020-01-11,Volume Intensity,0.3021
2020-01-12,Volume Intensity,0.2871
2020-01-13,Volume Intensity,0.2807
2020-01-14,Volume Intensity,0.2798
2020-01-15,Volume Intensity,0.2863
2020-01-16,Volume Intensity,0.2713
2020-01-17,Volume Intensity,0.247
2020-01-18,Volume Intensity,0.2487
2020-01-19,Volume Intensity,0.2355
2020-01-20,Volume Intensity,0.2392
2020-01-21,Volume Intensity,0.2392
2020-01-22,Volume Intensity,0.2547
2020-01-23,Volume Intensity,0.2637
2020-01-24,Volume Intensity,0.2828
2020-01-25,Volume Intensity,0.3054
2020-01-26,Volume Intensity,0.3326
2020-01-27,Volume Intensity,0.3528
2020-01-28,Volume Intensity,0.3385
2020-01-29,Volume Intensity,0.3572
2020-01-30,Volume Intensity,0.3908
2020-01-31,Volume Intensity,0.4577
2020-02-01,Volume Intensity,0.4785
2020-02-02,Volume Intensity,0.4978
2020-02-03,Volume Intensity,0.4922
2020-02-04,Volume Intensity,0.4641
2020-02-05,Volume Intensity,0.4148
2020-02-06,Volume Intensity,0.3423
2020-02-07,Volume Intensity,0.294
2020-02-08,Volume Intensity,0.2602
2020-02-09,Volume Intensity,0.2853
2020-02-10,Volume Intensity,0.289
2020-02-11,Volume Intensity,0.3088
2020-02-12,Volume Intensity,0.3029
2020-02-13,Volume Intensity,0.3031
2020-02-14,Volume Intensity,0.2876
2020-02-15,Volume Intensity,0.2559
2020-02-16,Volume Intensity,0.258
2020-02-17,Volume Intensity,0.2386
2020-02-18,Volume Intensity,0.2344
2020-02-19,Volume Intensity,0.2242
2020-02-20,Volume Intensity,0.24
2020-02-21,Volume Intensity,0.2574
2020-02-22,Volume Intensity,0.2893
2020-02-23,Volume Intensity,0.2909
2020-02-24,Volume Intensity,0.3125
2020-02-25,Volume Intensity,0.3208
2020-02-26,Volume Intensity,0.3097
2020-02-27,Volume Intensity,0.3104
2020-02-28,Volume Intensity,0.2817
2020-02-29,Volume Intensity,0.2875
2020-03-01,Volume Intensity,0.3096
2020-03-02,Volume Intensity,0.3319
2020-03-03,Volume Intensity,0.3377
2020-03-04,Volume Intensity,0.3363
2020-03-05,Volume Intensity,0.3452
2020-03-06,Volume Intensity,0.3395
2020-03-07,Volume Intensity,0.3008
2020-03-08,Volume Intensity,0.2921
2020-03-09,Volume Intensity,0.2873
2020-03-10,Volume Intensity,0.2702
2020-03-11,Volume Intensity,0.2465
2020-03-12,Volume Intensity,0.2877
2020-03-13,Volume Intensity,0.289
2020-03-14,Volume Intensity,0.3285
2020-03-15,Volume Intensity,0.3495
2020-03-16,Volume Intensity,0.3768
2020-03-17,Volume Intensity,0.3973
2020-03-18,Volume Intensity,0.3599
2020-03-19,Volume Intensity,0.3559
2020-03-20,Volume Intensity,0.2977
2020-03-21,Volume Intensity,0.2629
2020-03-22,Volume Intensity,0.2754
2020-03-23,Volume Intensity,0.2866
2020-03-24,Volume Intensity,0.2847
2020-03-25,Volume Intensity,0.2808
2020-03-26,Volume Intensity,0.2808
2020-03-27,Volume Intensity,0.2969
2020-03-28,Volume Intensity,0.27
2020-03-29,Volume Intensity,0.2598
2020-03-30,Volume Intensity,0.2617
2020-03-31,Volume Intensity,0.273
2020-04-01,Volume Intensity,0.2811
2020-04-02,Volume Intensity,0.2924
2020-04-03,Volume Intensity,0.2981
2020-04-04,Volume Intensity,0.2797
2020-04-05,Volume Intensity,0.2889
2020-04-06,Volume Intensity,0.2798
2020-04-07,Volume Intensity,0.2769
2020-04-08,Volume Intensity,0.2577
2020-04-09,Volume Intensity,0.239
2020-04-10,Volume Intensity,0.2254
2020-04-11,Volume Intensity,0.215
2020-04-12,Volume Intensity,0.2363
2020-04-13,Volume Intensity,0.2243
2020-04-14,Volume Intensity,0.2369
2020-04-15,Volume Intensity,0.2546
2020-04-16,Volume Intensity,0.2787
2020-04-17,Volume Intensity,0.2862
2020-04-18,Volume Intensity,0.2782
2020-04-19,Volume Intensity,0.2993
2020-04-20,Volume Intensity,0.2953
2020-04-21,Volume Intensity,0.2948
2020-04-22,Volume Intensity,0.2881
2020-04-23,Volume Intensity,0.2986
2020-04-24,Volume Intensity,0.3086
2020-04-25,Volume Intensity,0.2887
2020-04-26,Volume Intensity,0.2786
2020-04-27,Volume Intensity,0.2682
2020-04-28,Volume Intensity,0.2601
2020-04-29,Volume Intensity,0.2411
2020-04-30,Volume Intensity,0.2215
2020-05-01,Volume Intensity,0.2295
2020-05-02,Volume Intensity,0.2386
2020-05-03,Volume Intensity,0.2561
2020-05-04,Volume Intensity,0.272
2020-05-05,Volume Intensity,0.2838
2020-05-06,Volume Intensity,0.2893
2020-05-07,Volume Intensity,0.2836
2020-05-08,Volume Intensity,0.2619
2020-05-09,Volume Intensity,0.2356
2020-05-10,Volume Intensity,0.2322
2020-05-11,Volume Intensity,0.2104
2020-05-12,Volume Intensity,0.2056
2020-05-13,Volume Intensity,0.2212
2020-05-14,Volume Intensity,0.2442
2020-05-15,Volume Intensity,0.2577
2020-05-16,Volume Intensity,0.2542
2020-05-17,Volume Intensity,0.2749
2020-05-18,Volume Intensity,0.2889
2020-05-19,Volume Intensity,0.2813
2020-05-20,Volume Intensity,0.278
2020-05-21,Volume Intensity,0.2912
2020-05-22,Volume Intensity,0.302
2020-05-23,Volume Intensity,0.2777
2020-05-24,Volume Intensity,0.271
2020-05-25,Volume Intensity,0.2563
2020-05-26,Volume Intensity,0.2434
2020-05-27,Volume Intensity,0.2216
2020-05-28,Volume Intensity,0.2079
2020-05-29,Volume Intensity,0.2169
2020-05-30,Volume Intensity,0.1937
2020-05-31,Volume Intensity,0.1933
2020-06-01,Volume Intensity,0.2068
2020-06-02,Volume Intensity,0.2206
2020-06-03,Volume Intensity,0.2394
2020-06-04,Volume Intensity,0.2466
2020-06-05,Volume Intensity,0.2763
2020-06-06,Volume Intensity,0.2943
2020-06-07,Volume Intensity,0.3037
2020-06-08,Volume Intensity,0.2969
2020-06-09,Volume Intensity,0.2884
2020-06-10,Volume Intensity,0.2987
2020-06-11,Volume Intensity,0.2973
2020-06-12,Volume Intensity,0.2984
2020-06-13,Volume Intensity,0.3041
2020-06-14,Volume Intensity,0.3061
2020-06-15,Volume Intensity,0.3105
2020-06-16,Volume Intensity,0.2962
2020-06-17,Volume Intensity,0.2887
2020-06-18,Volume Intensity,0.2866
2020-06-19,Volume Intensity,0.2801
2020-06-20,Volume Intensity,0.2908
2020-06-21,Volume Intensity,0.2832
2020-06-22,Volume Intensity,0.3005
2020-06-23,Volume Intensity,0.3036
2020-06-24,Volume Intensity,0.2934
2020-06-25,Volume Intensity,0.287
2020-06-26,Volume Intensity,0.2932
2020-06-27,Volume Intensity,0.3145
2020-06-28,Volume Intensity,0.3238
2020-06-29,Volume Intensity,0.3259
2020-06-30,Volume Intensity,0.348
2020-07-01,Volume Intensity,0.3553
2020-07-02,Volume Intensity,0.3318
2020-07-03,Volume Intensity,0.3115
2020-07-04,Volume Intensity,0.2712
2020-07-05,Volume Intensity,0.2505
2020-07-06,Volume Intensity,0.2454
2020-07-07,Volume Intensity,0.2333
2020-07-08,Volume Intensity,0.2341
2020-07-09,Volume Intensity,0.2258
2020-07-10,Volume Intensity,0.2485
2020-07-11,Volume Intensity,0.2673
2020-07-12,Volume Intensity,0.2693
2020-07-13,Volume Intensity,0.2777
2020-07-14,Volume Intensity,0.2805
2020-07-15,Volume Intensity,0.2787
2020-07-16,Volume Intensity,0.2874
2020-07-17,Volume Intensity,0.2802
2020-07-18,Volume Intensity,0.2639
2020-07-19,Volume Intensity,0.2657
2020-07-20,Volume Intensity,0.2839
2020-07-21,Volume Intensity,0.2931
2020-07-22,Volume Intensity,0.2859
2020-07-23,Volume Intensity,0.2864
2020-07-24,Volume Intensity,0.2977
2020-07-25,Volume Intensity,0.2808
2020-07-26,Volume Intensity,0.279
2020-07-27,Volume Intensity,0.2961
2020-07-28,Volume Intensity,0.288
2020-07-29,Volume Intensity,0.2981
2020-07-30,Volume Intensity,0.2933
2020-07-31,Volume Intensity,0.309
2020-08-01,Volume Intensity,0.2901
2020-08-02,Volume Intensity,0.2743
2020-08-03,Volume Intensity,0.2788
2020-08-04,Volume Intensity,0.2723
2020-08-05,Volume Intensity,0.2757
2020-08-06,Volume Intensity,0.2678
2020-08-07,Volume Intensity,0.273
2020-08-08,Volume Intensity,0.2771
2020-08-09,Volume Intensity,0.2663
2020-08-10,Volume Intensity,0.28
2020-08-11,Volume Intensity,0.2723
2020-08-12,Volume Intensity,0.2671
2020-08-13,Volume Intensity,0.2641
2020-08-14,Volume Intensity,0.2593
2020-08-15,Volume Intensity,0.2641
2020-08-16,Volume Intensity,0.2568
2020-08-17,Volume Intensity,0.2531
2020-08-18,Volume Intensity,0.259
2020-08-19,Volume Intensity,0.2672
2020-08-20,Volume Intensity,0.2569
2020-08-21,Volume Intensity,0.2578
2020-08-22,Volume Intensity,0.2277
2020-08-23,Volume Intensity,0.2262
2020-08-24,Volume Intensity,0.2301
2020-08-25,Volume Intensity,0.2305
2020-08-26,Volume Intensity,0.2505
2020-08-27,Volume Intensity,0.2643
2020-08-28,Volume Intensity,0.3111
2020-08-29,Volume Intensity,0.3437
2020-08-30,Volume Intensity,0.3603
2020-08-31,Volume Intensity,0.3496
2020-09-01,Volume Intensity,0.3337
2020-09-02,Volume Intensity,0.3264
2020-09-03,Volume Intensity,0.31
2020-09-04,Volume Intensity,0.2898
2020-09-05,Volume Intensity,0.3351
2020-09-06,Volume Intensity,0.3641
2020-09-07,Volume Intensity,0.3857
2020-09-08,Volume Intensity,0.3689
2020-09-09,Volume Intensity,0.3627
2020-09-10,Volume Intensity,0.3668
2020-09-11,Volume Intensity,0.2968
2020-09-12,Volume Intensity,0.2721
2020-09-13,Volume Intensity,0.2625
2020-09-14,Volume Intensity,0.2726
2020-09-15,Volume Intensity,0.2728
2020-09-16,Volume Intensity,0.2646
2020-09-17,Volume Intensity,0.2647
2020-09-18,Volume Intensity,0.271
2020-09-19,Volume Intensity,0.3129
2020-09-20,Volume Intensity,0.3132
2020-09-21,Volume Intensity,0.3164
2020-09-22,Volume Intensity,0.3149
2020-09-23,Volume Intensity,0.3416
2020-09-24,Volume Intensity,0.3594
2020-09-25,Volume Intensity,0.3111
2020-09-26,Volume Intensity,0.3245
2020-09-27,Volume Intensity,0.3525
2020-09-28,Volume Intensity,0.3723
2020-09-29,Volume Intensity,0.3576
2020-09-30,Volume Intensity,0.3373
2020-10-01,Volume Intensity,0.335
2020-10-02,Volume Intensity,0.3132
2020-10-03,Volume Intensity,0.281
2020-10-04,Volume Intensity,0.2677
2020-10-05,Volume Intensity,0.2567
2020-10-06,Volume Intensity,0.2602
2020-10-07,Volume Intensity,0.2643
2020-10-08,Volume Intensity,0.2741
2020-10-09,Volume Intensity,0.2742
2020-10-10,Volume Intensity,0.2819
2020-10-11,Volume Intensity,0.2773
2020-10-12,Volume Intensity,0.2756
2020-10-13,Volume Intensity,0.2672
2020-10-14,Volume Intensity,0.2661
2020-10-15,Volume Intensity,0.2635
2020-10-16,Volume Intensity,0.2446
2020-10-17,Volume Intensity,0.2773
2020-10-18,Volume Intensity,0.2961
2020-10-19,Volume Intensity,0.2978
2020-10-21,Volume Intensity,0.3057
2020-10-22,Volume Intensity,0.3114
2020-10-23,Volume Intensity,0.3304
2020-10-24,Volume Intensity,0.323
2020-10-25,Volume Intensity,0.315
2020-10-26,Volume Intensity,0.327
2020-10-27,Volume Intensity,0.3159
2020-10-28,Volume Intensity,0.3368
2020-10-29,Volume Intensity,0.3615
2020-10-30,Volume Intensity,0.3627
2020-10-31,Volume Intensity,0.395
2020-11-01,Volume Intensity,0.4552
2020-11-02,Volume Intensity,0.4752
2020-11-03,Volume Intensity,0.4674
2020-11-04,Volume Intensity,0.4266
2020-11-05,Volume Intensity,0.4178
2020-11-06,Volume Intensity,0.375
2020-11-07,Volume Intensity,0.3002
2020-11-08,Volume Intensity,0.304
2020-11-09,Volume Intensity,0.3067
2020-11-10,Volume Intensity,0.3155
2020-11-11,Volume Intensity,0.3169
2020-11-12,Volume Intensity,0.317
2020-11-13,Volume Intensity,0.3167
2020-11-14,Volume Intensity,0.2904
2020-11-15,Volume Intensity,0.3279
2020-11-16,Volume Intensity,0.3315
2020-11-17,Volume Intensity,0.3259
2020-11-18,Volume Intensity,0.3408
2020-11-19,Volume Intensity,0.3481
2020-11-20,Volume Intensity,0.3664
2020-11-21,Volume Intensity,0.3227
2020-11-22,Volume Intensity,0.3736
2020-11-23,Volume Intensity,0.3806
2020-11-24,Volume Intensity,0.3629
2020-11-25,Volume Intensity,0.3663
2020-11-26,Volume Intensity,0.3598
2020-11-27,Volume Intensity,0.3726
2020-11-28,Volume Intensity,0.3831
2020-11-29,Volume Intensity,0.3751
2020-11-30,Volume Intensity,0.3819
2020-12-01,Volume Intensity,0.3798
2020-12-02,Volume Intensity,0.3924
2020-12-03,Volume Intensity,0.3781
2020-12-04,Volume Intensity,0.3103
2020-12-05,Volume Intensity,0.3002
2020-12-06,Volume Intensity,0.3308
2020-12-07,Volume Intensity,0.3357
2020-12-08,Volume Intensity,0.3352
2020-12-09,Volume Intensity,0.319
2020-12-10,Volume Intensity,0.3228
2020-12-11,Volume Intensity,0.3309
2020-12-12,Volume Intensity,0.3094
2020-12-13,Volume Intensity,0.3541
2020-12-14,Volume Intensity,0.3295
2020-12-15,Volume Intensity,0.3392
2020-12-16,Volume Intensity,0.3486
2020-12-17,Volume Intensity,0.34
2020-12-18,Volume Intensity,0.323
2020-12-19,Volume Intensity,0.2763
2020-12-20,Volume Intensity,0.3232
2020-12-21,Volume Intensity,0.3642
2020-12-22,Volume Intensity,0.3745
2020-12-23,Volume Intensity,0.3777
2020-12-24,Volume Intensity,0.4033
2020-12-25,Volume Intensity,0.4246
2020-12-26,Volume Intensity,0.4333
2020-12-27,Volume Intensity,0.4812
2020-12-28,Volume Intensity,0.4581
2020-12-29,Volume Intensity,0.4782
2020-12-30,Volume Intensity,0.4767
2020-12-31,Volume Intensity,0.4787
2021-01-01,Volume Intensity,0.4671
2021-01-02,Volume Intensity,0.3674
2021-01-03,Volume Intensity,0.3845
2021-01-04,Volume Intensity,0.3587
2021-01-05,Volume Intensity,0.3168
2021-01-06,Volume Intensity,0.2964
2021-01-07,Volume Intensity,0.255
2021-01-08,Volume Intensity,0.2649
2021-01-09,Volume Intensity,0.2647
2021-01-10,Volume Intensity,0.3047
2021-01-11,Volume Intensity,0.3306
2021-01-12,Volume Intensity,0.3283
2021-01-13,Volume Intensity,0.349
2021-01-14,Volume Intensity,0.3524
2021-01-15,Volume Intensity,0.3594
2021-01-16,Volume Intensity,0.3543
2021-01-17,Volume Intensity,0.3753
2021-01-18,Volume Intensity,0.3821
2021-01-19,Volume Intensity,0.3631
2021-01-20,Volume Intensity,0.3474
2021-01-21,Volume Intensity,0.3203
2021-01-22,Volume Intensity,0.2923
2021-01-23,Volume Intensity,0.2898
2021-01-24,Volume Intensity,0.2777
2021-01-25,Volume Intensity,0.2927
2021-01-26,Volume Intensity,0.3342
2021-01-27,Volume Intensity,0.3629
2021-01-28,Volume Intensity,0.3893
2021-01-29,Volume Intensity,0.4092
2021-01-30,Volume Intensity,0.4412
2021-01-31,Volume Intensity,0.483
2021-02-01,Volume Intensity,0.4735
2021-02-02,Volume Intensity,0.4622
2021-02-03,Volume Intensity,0.4688
2021-02-04,Volume Intensity,0.4312
2021-02-05,Volume Intensity,0.4071
2021-02-06,Volume Intensity,0.3699
2021-02-07,Volume Intensity,0.3605
2021-02-08,Volume Intensity,0.3395
2021-02-09,Volume Intensity,0.3334
2021-02-10,Volume Intensity,0.3482
2021-02-11,Volume Intensity,0.3468
2021-02-12,Volume Intensity,0.3415
2021-02-13,Volume Intensity,0.3306
2021-02-14,Volume Intensity,0.3668
2021-02-15,Volume Intensity,0.338
2021-02-16,Volume Intensity,0.3342
2021-02-17,Volume Intensity,0.3322
2021-02-18,Volume Intensity,0.3366
2021-02-19,Volume Intensity,0.3342
2021-02-20,Volume Intensity,0.3469
2021-02-21,Volume Intensity,0.3802
2021-02-22,Volume Intensity,0.3598
2021-02-23,Volume Intensity,0.3498
2021-02-24,Volume Intensity,0.3472
2021-02-25,Volume Intensity,0.3562
2021-02-26,Volume Intensity,0.3189
2021-02-27,Volume Intensity,0.2939
2021-02-28,Volume Intensity,0.3028
2021-03-01,Volume Intensity,0.3094
2021-03-02,Volume Intensity,0.3144
2021-03-03,Volume Intensity,0.3216
2021-03-04,Volume Intensity,0.335
2021-03-05,Volume Intensity,0.3575
2021-03-06,Volume Intensity,0.3832
2021-03-07,Volume Intensity,0.4524
2021-03-08,Volume Intensity,0.4447
2021-03-09,Volume Intensity,0.4251
2021-03-10,Volume Intensity,0.4234
2021-03-11,Volume Intensity,0.4296
2021-03-12,Volume Intensity,0.4306
2021-03-13,Volume Intensity,0.4155
2021-03-14,Volume Intensity,0.4707
2021-03-15,Volume Intensity,0.5456
2021-03-16,Volume Intensity,0.5655
2021-03-17,Volume Intensity,0.5678
2021-03-18,Volume Intensity,0.592
2021-03-19,Volume Intensity,0.5722
2021-03-20,Volume Intensity,0.5491
2021-03-21,Volume Intensity,0.506
2021-03-22,Volume Intensity,0.5142
2021-03-23,Volume Intensity,0.5029
2021-03-24,Volume Intensity,0.4593
2021-03-25,Volume Intensity,0.4353
2021-03-26,Volume Intensity,0.4189
2021-03-27,Volume Intensity,0.4273
2021-03-28,Volume Intensity,0.4424
2021-03-29,Volume Intensity,0.4298
2021-03-30,Volume Intensity,0.4269
2021-03-31,Volume Intensity,0.4312
2021-04-01,Volume Intensity,0.4177
2021-04-02,Volume Intensity,0.3897
2021-04-03,Volume Intensity,0.3581
2021-04-04,Volume Intensity,0.3701
2021-04-05,Volume Intensity,0.3374
2021-04-06,Volume Intensity,0.3253
2021-04-07,Volume Intensity,0.3505
2021-04-08,Volume Intensity,0.3444
2021-04-09,Volume Intensity,0.3275
2021-04-10,Volume Intensity,0.2923
2021-04-11,Volume Intensity,0.2924
2021-04-12,Volume Intensity,0.2823
2021-04-13,Volume Intensity,0.2446
2021-04-14,Volume Intensity,0.2436
2021-04-15,Volume Intensity,0.2363
2021-04-16,Volume Intensity,0.2491
2021-04-17,Volume Intensity,0.2796
2021-04-18,Volume Intensity,0.2975
2021-04-19,Volume Intensity,0.3
2021-04-20,Volume Intensity,0.3011
2021-04-21,Volume Intensity,0.2996
2021-04-22,Volume Intensity,0.2961
2021-04-23,Volume Intensity,0.279
2021-04-24,Volume Intensity,0.2779
2021-04-25,Volume Intensity,0.2964
2021-04-26,Volume Intensity,0.2833
2021-04-27,Volume Intensity,0.2913
2021-04-28,Volume Intensity,0.2934
2021-04-29,Volume Intensity,0.2896
2021-04-30,Volume Intensity,0.2738
2021-05-01,Volume Intensity,0.2575
2021-05-02,Volume Intensity,0.2658
2021-05-03,Volume Intensity,0.2581
2021-05-04,Volume Intensity,0.2602
2021-05-05,Volume Intensity,0.2657
2021-05-06,Volume Intensity,0.2828
2021-05-07,Volume Intensity,0.3018
2021-05-08,Volume Intensity,0.3086
2021-05-09,Volume Intensity,0.289
2021-05-10,Volume Intensity,0.2924
2021-05-11,Volume Intensity,0.2995
2021-05-12,Volume Intensity,0.2925
2021-05-13,Volume Intensity,0.2776
2021-05-14,Volume Intensity,0.2853
2021-05-15,Volume Intensity,0.345
2021-05-16,Volume Intensity,0.3319
2021-05-17,Volume Intensity,0.3275
2021-05-18,Volume Intensity,0.3231
2021-05-19,Volume Intensity,0.3189
2021-05-20,Volume Intensity,0.3064
2021-05-21,Volume Intensity,0.2637
2021-05-22,Volume Intensity,0.2551
2021-05-23,Volume Intensity,0.2568
2021-05-24,Volume Intensity,0.2907
2021-05-25,Volume Intensity,0.3117
2021-05-26,Volume Intensity,0.3187
2021-05-27,Volume Intensity,0.3094
2021-05-28,Volume Intensity,0.3373
2021-05-29,Volume Intensity,0.3538
2021-05-30,Volume Intensity,0.3226
2021-05-31,Volume Intensity,0.2972
2021-06-01,Volume Intensity,0.291
2021-06-02,Volume Intensity,0.3049
2021-06-03,Volume Intensity,0.3125
2021-06-04,Volume Intensity,0.2962
2021-06-05,Volume Intensity,0.2921
2021-06-06,Volume Intensity,0.3151
2021-06-07,Volume Intensity,0.3058
2021-06-08,Volume Intensity,0.2964
2021-06-09,Volume Intensity,0.2681
2021-06-10,Volume Intensity,0.2763
2021-06-11,Volume Intensity,0.2844
2021-06-12,Volume Intensity,0.2503
2021-06-13,Volume Intensity,0.2953
2021-06-14,Volume Intensity,0.2983
2021-06-15,Volume Intensity,0.3013
2021-06-16,Volume Intensity,0.2898
2021-06-17,Volume Intensity,0.2848
2021-06-18,Volume Intensity,0.3125
2021-06-19,Volume Intensity,0.2553
2021-06-20,Volume Intensity,0.2676
2021-06-21,Volume Intensity,0.2698
2021-06-22,Volume Intensity,0.2588
2021-06-23,Volume Intensity,0.2736
2021-06-24,Volume Intensity,0.2759
2021-06-25,Volume Intensity,0.3186
2021-06-26,Volume Intensity,0.3254
2021-06-27,Volume Intensity,0.3387
2021-06-28,Volume Intensity,0.3593
2021-06-29,Volume Intensity,0.3468
2021-06-30,Volume Intensity,0.335
2021-07-01,Volume Intensity,0.3295
2021-07-02,Volume Intensity,0.3213
2021-07-03,Volume Intensity,0.3647
2021-07-04,Volume Intensity,0.3997
2021-07-05,Volume Intensity,0.396
2021-07-06,Volume Intensity,0.389
2021-07-07,Volume Intensity,0.3792
2021-07-08,Volume Intensity,0.3722
2021-07-09,Volume Intensity,0.316
2021-07-10,Volume Intensity,0.2769
2021-07-11,Volume Intensity,0.3014
2021-07-12,Volume Intensity,0.2956
2021-07-13,Volume Intensity,0.2835
2021-07-14,Volume Intensity,0.281
2021-07-15,Volume Intensity,0.2714
2021-07-16,Volume Intensity,0.2631
2021-07-17,Volume Intensity,0.2596
2021-07-18,Volume Intensity,0.2616
2021-07-19,Volume Intensity,0.2614
2021-07-20,Volume Intensity,0.2883
2021-07-21,Volume Intensity,0.3083
2021-07-22,Volume Intensity,0.3397
2021-07-23,Volume Intensity,0.3219
2021-07-24,Volume Intensity,0.3399
2021-07-25,Volume Intensity,0.3559
2021-07-26,Volume Intensity,0.3362
2021-07-27,Volume Intensity,0.3438
2021-07-28,Volume Intensity,0.321
2021-07-29,Volume Intensity,0.3236
2021-07-30,Volume Intensity,0.3098
2021-07-31,Volume Intensity,0.2783
2021-08-01,Volume Intensity,0.2643
2021-08-02,Volume Intensity,0.2683
2021-08-03,Volume Intensity,0.2648
2021-08-04,Volume Intensity,0.2675
2021-08-05,Volume Intensity,0.2866
2021-08-06,Volume Intensity,0.303
2021-08-07,Volume Intensity,0.3274
2021-08-08,Volume Intensity,0.3405
2021-08-09,Volume Intensity,0.3585
2021-08-10,Volume Intensity,0.3388
2021-08-11,Volume Intensity,0.3199
2021-08-12,Volume Intensity,0.3166
2021-08-13,Volume Intensity,0.3187
2021-08-14,Volume Intensity,0.3015
2021-08-15,Volume Intensity,0.3018
2021-08-16,Volume Intensity,0.3354
2021-08-17,Volume Intensity,0.3962
2021-08-18,Volume Intensity,0.4364
2021-08-19,Volume Intensity,0.4374
2021-08-20,Volume Intensity,0.4355
2021-08-21,Volume Intensity,0.4295
2021-08-22,Volume Intensity,0.4531
2021-08-23,Volume Intensity,0.4121
2021-08-24,Volume Intensity,0.411
2021-08-25,Volume Intensity,0.4136
2021-08-26,Volume Intensity,0.4161
2021-08-27,Volume Intensity,0.3986
2021-08-28,Volume Intensity,0.3623
2021-08-29,Volume Intensity,0.3909
2021-08-30,Volume Intensity,0.3727
2021-08-31,Volume Intensity,0.3596
2021-09-01,Volume Intensity,0.3526
2021-09-02,Volume Intensity,0.3729
2021-09-03,Volume Intensity,0.3748
2021-09-04,Volume Intensity,0.335
2021-09-05,Volume Intensity,0.3379
2021-09-06,Volume Intensity,0.3257
2021-09-07,Volume Intensity,0.339
2021-09-08,Volume Intensity,0.3279
2021-09-09,Volume Intensity,0.3332
2021-09-10,Volume Intensity,0.3132
2021-09-11,Volume Intensity,0.3104
2021-09-12,Volume Intensity,0.3373
2021-09-13,Volume Intensity,0.3167
2021-09-14,Volume Intensity,0.326
2021-09-15,Volume Intensity,0.3126
2021-09-16,Volume Intensity,0.3366
2021-09-17,Volume Intensity,0.3429
2021-09-18,Volume Intensity,0.3087
2021-09-19,Volume Intensity,0.3072
2021-09-20,Volume Intensity,0.2833
2021-09-21,Volume Intensity,0.2712
2021-09-22,Volume Intensity,0.2595
2021-09-23,Volume Intensity,0.2537
2021-09-24,Volume Intensity,0.279
2021-09-25,Volume Intensity,0.3246
2021-09-26,Volume Intensity,0.3717
2021-09-27,Volume Intensity,0.3897
2021-09-28,Volume Intensity,0.3885
2021-09-29,Volume Intensity,0.3613
2021-09-30,Volume Intensity,0.3447
2021-10-01,Volume Intensity,0.2902
2021-10-02,Volume Intensity,0.263
2021-10-03,Volume Intensity,0.2672
2021-10-04,Volume Intensity,0.2839
2021-10-05,Volume Intensity,0.3008
2021-10-06,Volume Intensity,0.2953
2021-10-07,Volume Intensity,0.2987
2021-10-08,Volume Intensity,0.2809
2021-10-09,Volume Intensity,0.2681
2021-10-10,Volume Intensity,0.2722
2021-10-11,Volume Intensity,0.267
2021-10-12,Volume Intensity,0.282
2021-10-13,Volume Intensity,0.2866
2021-10-14,Volume Intensity,0.2955
2021-10-15,Volume Intensity,0.3025
2021-10-16,Volume Intensity,0.2864
2021-10-17,Volume Intensity,0.282
2021-10-18,Volume Intensity,0.2931
2021-10-19,Volume Intensity,0.2976
2021-10-20,Volume Intensity,0.3021
2021-10-21,Volume Intensity,0.29
2021-10-22,Volume Intensity,0.2828
2021-10-23,Volume Intensity,0.2735
2021-10-24,Volume Intensity,0.2488
2021-10-25,Volume Intensity,0.2346
2021-10-26,Volume Intensity,0.2375
2021-10-27,Volume Intensity,0.249
2021-10-28,Volume Intensity,0.2444
2021-10-29,Volume Intensity,0.2618
2021-10-30,Volume Intensity,0.2912
2021-10-31,Volume Intensity,0.3316
2021-11-01,Volume Intensity,0.3517
2021-11-02,Volume Intensity,0.3479
2021-11-03,Volume Intensity,0.3623
2021-11-04,Volume Intensity,0.3572
2021-11-05,Volume Intensity,0.3369
2021-11-06,Volume Intensity,0.2942
2021-11-07,Volume Intensity,0.2519
2021-11-08,Volume Intensity,0.252
2021-11-09,Volume Intensity,0.2542
2021-11-10,Volume Intensity,0.2581
2021-11-11,Volume Intensity,0.2668
2021-11-12,Volume Intensity,0.2834
2021-11-13,Volume Intensity,0.3187
2021-11-14,Volume Intensity,0.3463
2021-11-15,Volume Intensity,0.3333
2021-11-16,Volume Intensity,0.3265
2021-11-17,Volume Intensity,0.3347
2021-11-18,Volume Intensity,0.3302
2021-11-19,Volume Intensity,0.3107
2021-11-20,Volume Intensity,0.2898
2021-11-21,Volume Intensity,0.3059
2021-11-22,Volume Intensity,0.3228
2021-11-23,Volume Intensity,0.2999
2021-11-24,Volume Intensity,0.3001
2021-11-25,Volume Intensity,0.3236
2021-11-26,Volume Intensity,0.3386
2021-11-27,Volume Intensity,0.3539
2021-11-28,Volume Intensity,0.3659
2021-11-29,Volume Intensity,0.3597
2021-11-30,Volume Intensity,0.3593
2021-12-01,Volume Intensity,0.3363
2021-12-02,Volume Intensity,0.3206
2021-12-03,Volume Intensity,0.2883
2021-12-04,Volume Intensity,0.251
2021-12-05,Volume Intensity,0.2769
2021-12-06,Volume Intensity,0.2696
2021-12-07,Volume Intensity,0.27
2021-12-08,Volume Intensity,0.2529
2021-12-09,Volume Intensity,0.2513
2021-12-10,Volume Intensity,0.2681
2021-12-11,Volume Intensity,0.2299
2021-12-12,Volume Intensity,0.2289
2021-12-13,Volume Intensity,0.212
2021-12-14,Volume Intensity,0.216
2021-12-15,Volume Intensity,0.2189
2021-12-16,Volume Intensity,0.2188
2021-12-17,Volume Intensity,0.2288
2021-12-18,Volume Intensity,0.2309
2021-12-19,Volume Intensity,0.2577
2021-12-20,Volume Intensity,0.2826
2021-12-21,Volume Intensity,0.2912
2021-12-22,Volume Intensity,0.2921
2021-12-23,Volume Intensity,0.2888
2021-12-24,Volume Intensity,0.2782
2021-12-25,Volume Intensity,0.2887
2021-12-26,Volume Intensity,0.3642
2021-12-27,Volume Intensity,0.3636
2021-12-28,Volume Intensity,0.3971
2021-12-29,Volume Intensity,0.3975
2021-12-30,Volume Intensity,0.4095
2021-12-31,Volume Intensity,0.3883
2022-01-01,Volume Intensity,0.3052
2022-01-02,Volume Intensity,0.3043
2022-01-03,Volume Intensity,0.2365
2022-01-04,Volume Intensity,0.2548
2022-01-05,Volume Intensity,0.2439
2022-01-06,Volume Intensity,0.2477
2022-01-07,Volume Intensity,0.2422
2022-01-08,Volume Intensity,0.2341
2022-01-09,Volume Intensity,0.2663
2022-01-10,Volume Intensity,0.2599
2022-01-11,Volume Intensity,0.2718
2022-01-12,Volume Intensity,0.2645
2022-01-13,Volume Intensity,0.2577
2022-01-14,Volume Intensity,0.2668
2022-01-15,Volume Intensity,0.2491
2022-01-16,Volume Intensity,0.2425
2022-01-17,Volume Intensity,0.2658
2022-01-18,Volume Intensity,0.268
2022-01-19,Volume Intensity,0.2656
2022-01-20,Volume Intensity,0.257
2022-01-21,Volume Intensity,0.2681
2022-01-22,Volume Intensity,0.2853
2022-01-23,Volume Intensity,0.3048
2022-01-24,Volume Intensity,0.2939
2022-01-25,Volume Intensity,0.3031
2022-01-26,Volume Intensity,0.3054
2022-01-27,Volume Intensity,0.3265
2022-01-28,Volume Intensity,0.3269
2022-01-29,Volume Intensity,0.2868
2022-01-30,Volume Intensity,0.3124
2022-01-31,Volume Intensity,0.2917
2022-02-01,Volume Intensity,0.2925
2022-02-02,Volume Intensity,0.2774
2022-02-03,Volume Intensity,0.2745
2022-02-04,Volume Intensity,0.2904
2022-02-05,Volume Intensity,0.2798
2022-02-06,Volume Intensity,0.2914
2022-02-07,Volume Intensity,0.2967
2022-02-08,Volume Intensity,0.2919
2022-02-09,Volume Intensity,0.2753
2022-02-10,Volume Intensity,0.2758
2022-02-11,Volume Intensity,0.293
2022-02-12,Volume Intensity,0.3156
2022-02-13,Volume Intensity,0.359
2022-02-14,Volume Intensity,0.3576
2022-02-15,Volume Intensity,0.3706
2022-02-16,Volume Intensity,0.3748
2022-02-17,Volume Intensity,0.3567
2022-02-18,Volume Intensity,0.3395
2022-02-19,Volume Intensity,0.3055
2022-02-20,Volume Intensity,0.349
2022-02-21,Volume Intensity,0.347
2022-02-22,Volume Intensity,0.3481
2022-02-23,Volume Intensity,0.3626
2022-02-24,Volume Intensity,0.4143
2022-02-25,Volume Intensity,0.4965
2022-02-26,Volume Intensity,0.5989
2022-02-27,Volume Intensity,0.7332
2022-02-28,Volume Intensity,0.7817
2022-03-01,Volume Intensity,0.8716
2022-03-02,Volume Intensity,0.8827
2022-03-03,Volume Intensity,0.8733
2022-03-04,Volume Intensity,0.7945
2022-03-05,Volume Intensity,0.7641
2022-03-06,Volume Intensity,0.8417
2022-03-07,Volume Intensity,0.8089
2022-03-08,Volume Intensity,0.8217
2022-03-09,Volume Intensity,0.8411
2022-03-10,Volume Intensity,0.8551
2022-03-11,Volume Intensity,0.8181
2022-03-12,Volume Intensity,0.7896
2022-03-13,Volume Intensity,0.9276
2022-03-14,Volume Intensity,0.9394
2022-03-15,Volume Intensity,0.9075
2022-03-16,Volume Intensity,0.8758
2022-03-17,Volume Intensity,0.8493
2022-03-18,Volume Intensity,0.8098
2022-03-19,Volume Intensity,0.7115
2022-03-20,Volume Intensity,0.7016
2022-03-21,Volume Intensity,0.6601
2022-03-22,Volume Intensity,0.6472
2022-03-23,Volume Intensity,0.6356
2022-03-24,Volume Intensity,0.5812
2022-03-25,Volume Intensity,0.511
2022-03-26,Volume Intensity,0.5253
2022-03-27,Volume Intensity,0.5792
2022-03-28,Volume Intensity,0.5769
2022-03-29,Volume Intensity,0.5941
2022-03-30,Volume Intensity,0.6219
2022-03-31,Volume Intensity,0.5994
2022-04-01,Volume Intensity,0.5304
2022-04-02,Volume Intensity,0.4712
2022-04-03,Volume Intensity,0.4927
2022-04-04,Volume Intensity,0.4874
2022-04-05,Volume Intensity,0.4403
2022-04-06,Volume Intensity,0.4423
2022-04-07,Volume Intensity,0.4316
2022-04-08,Volume Intensity,0.4091
2022-04-09,Volume Intensity,0.3915
2022-04-10,Volume Intensity,0.3894
2022-04-11,Volume Intensity,0.382
2022-04-12,Volume Intensity,0.3789
2022-04-13,Volume Intensity,0.4076
2022-04-14,Volume Intensity,0.4557
2022-04-15,Volume Intensity,0.4509
2022-04-16,Volume Intensity,0.4959
2022-04-17,Volume Intensity,0.5916
2022-04-18,Volume Intensity,0.5969
2022-04-19,Volume Intensity,0.5517
2022-04-20,Volume Intensity,0.5075
2022-04-21,Volume Intensity,0.4975
2022-04-22,Volume Intensity,0.4362
2022-04-23,Volume Intensity,0.4006
2022-04-24,Volume Intensity,0.4432
2022-04-25,Volume Intensity,0.4441
2022-04-26,Volume Intensity,0.4351
2022-04-27,Volume Intensity,0.4395
2022-04-28,Volume Intensity,0.4378
2022-04-29,Volume Intensity,0.3826
2022-04-30,Volume Intensity,0.3568
2022-05-01,Volume Intensity,0.354
2022-05-02,Volume Intensity,0.3805
2022-05-03,Volume Intensity,0.3995
2022-05-04,Volume Intensity,0.3858
2022-05-05,Volume Intensity,0.3855
2022-05-06,Volume Intensity,0.3613
2022-05-07,Volume Intensity,0.4098
2022-05-08,Volume Intensity,0.4691
2022-05-09,Volume Intensity,0.4483
2022-05-10,Volume Intensity,0.4595
2022-05-11,Volume Intensity,0.4966
2022-05-12,Volume Intensity,0.4795
2022-05-13,Volume Intensity,0.4638
2022-05-14,Volume Intensity,0.418
2022-05-15,Volume Intensity,0.4533
2022-05-16,Volume Intensity,0.466
2022-05-17,Volume Intensity,0.4391
2022-05-18,Volume Intensity,0.4588
2022-05-19,Volume Intensity,0.4622
2022-05-20,Volume Intensity,0.4528
2022-05-21,Volume Intensity,0.4561
2022-05-22,Volume Intensity,0.4817
2022-05-23,Volume Intensity,0.4947
2022-05-24,Volume Intensity,0.4956
2022-05-25,Volume Intensity,0.4799
2022-05-26,Volume Intensity,0.4644
2022-05-27,Volume Intensity,0.4153
2022-05-28,Volume Intensity,0.4086
2022-05-29,Volume Intensity,0.4426
2022-05-30,Volume Intensity,0.4116
2022-05-31,Volume Intensity,0.4201
2022-06-01,Volume Intensity,0.4144
2022-06-02,Volume Intensity,0.4074
2022-06-03,Volume Intensity,0.3689
2022-06-04,Volume Intensity,0.323
2022-06-05,Volume Intensity,0.3541
2022-06-06,Volume Intensity,0.3286
2022-06-07,Volume Intensity,0.3406
2022-06-08,Volume Intensity,0.3291
2022-06-09,Volume Intensity,0.3217
2022-06-10,Volume Intensity,0.3731
2022-06-11,Volume Intensity,0.3553
2022-06-12,Volume Intensity,0.3548
2022-06-13,Volume Intensity,0.3667
2022-06-14,Volume Intensity,0.4081
2022-06-15,Volume Intensity,0.4186
2022-06-16,Volume Intensity,0.3716
2022-06-17,Volume Intensity,0.384
2022-06-18,Volume Intensity,0.4367
2022-06-19,Volume Intensity,0.4758
2022-06-20,Volume Intensity,0.4638
2022-06-21,Volume Intensity,0.4677
2022-06-22,Volume Intensity,0.4993
2022-06-23,Volume Intensity,0.4847
2022-06-24,Volume Intensity,0.4684
2022-06-25,Volume Intensity,0.4448
2022-06-26,Volume Intensity,0.4813
2022-06-27,Volume Intensity,0.4864
2022-06-28,Volume Intensity,0.4338
2022-06-29,Volume Intensity,0.4553
2022-06-30,Volume Intensity,0.4152
2022-07-01,Volume Intensity,0.3748
2022-07-02,Volume Intensity,0.3568
2022-07-03,Volume Intensity,0.3287
2022-07-04,Volume Intensity,0.3854
2022-07-05,Volume Intensity,0.364
2022-07-06,Volume Intensity,0.4181
2022-07-07,Volume Intensity,0.4277
2022-07-08,Volume Intensity,0.4144
2022-07-09,Volume Intensity,0.4543
2022-07-10,Volume Intensity,0.4488
2022-07-11,Volume Intensity,0.4464
2022-07-12,Volume Intensity,0.3918
2022-07-13,Volume Intensity,0.3655
2022-07-14,Volume Intensity,0.3544
2022-07-15,Volume Intensity,0.3415
2022-07-16,Volume Intensity,0.3219
2022-07-17,Volume Intensity,0.3184
2022-07-18,Volume Intensity,0.3443
2022-07-19,Volume Intensity,0.3552
2022-07-20,Volume Intensity,0.3483
2022-07-21,Volume Intensity,0.3413
2022-07-22,Volume Intensity,0.3305
2022-07-23,Volume Intensity,0.3852
2022-07-24,Volume Intensity,0.3879
2022-07-25,Volume Intensity,0.4106
2022-07-26,Volume Intensity,0.4139
2022-07-27,Volume Intensity,0.4047
2022-07-28,Volume Intensity,0.404
2022-07-29,Volume Intensity,0.3541
2022-07-30,Volume Intensity,0.3291
2022-07-31,Volume Intensity,0.3242
2022-08-01,Volume Intensity,0.3141
2022-08-02,Volume Intensity,0.3048
2022-08-03,Volume Intensity,0.3009
2022-08-04,Volume Intensity,0.3127
2022-08-05,Volume Intensity,0.3195
2022-08-06,Volume Intensity,0.309
2022-08-07,Volume Intensity,0.3688
2022-08-08,Volume Intensity,0.3934
2022-08-09,Volume Intensity,0.38
2022-08-10,Volume Intensity,0.392
2022-08-11,Volume Intensity,0.3702
2022-08-12,Volume Intensity,0.359
2022-08-13,Volume Intensity,0.3331
2022-08-14,Volume Intensity,0.3438
2022-08-15,Volume Intensity,0.3699
2022-08-16,Volume Intensity,0.3486
2022-08-17,Volume Intensity,0.3512
2022-08-18,Volume Intensity,0.3502
2022-08-19,Volume Intensity,0.3299
2022-08-20,Volume Intensity,0.328
2022-08-21,Volume Intensity,0.2908
2022-08-22,Volume Intensity,0.2868
2022-08-23,Volume Intensity,0.3163
2022-08-24,Volume Intensity,0.3342
2022-08-25,Volume Intensity,0.3136
2022-08-26,Volume Intensity,0.283
2022-08-27,Volume Intensity,0.3172
2022-08-28,Volume Intensity,0.3405
2022-08-29,Volume Intensity,0.3255
2022-08-30,Volume Intensity,0.3145
2022-08-31,Volume Intensity,0.3355
2022-09-01,Volume Intensity,0.326
2022-09-02,Volume Intensity,0.2916
2022-09-03,Volume Intensity,0.3177
2022-09-04,Volume Intensity,0.3758
2022-09-05,Volume Intensity,0.3858
2022-09-06,Volume Intensity,0.4183
2022-09-07,Volume Intensity,0.4349
2022-09-08,Volume Intensity,0.4659
2022-09-09,Volume Intensity,0.4397
2022-09-10,Volume Intensity,0.3849
2022-09-11,Volume Intensity,0.364
2022-09-12,Volume Intensity,0.3082
2022-09-13,Volume Intensity,0.3058
2022-09-14,Volume Intensity,0.2852
2022-09-15,Volume Intensity,0.2624
2022-09-16,Volume Intensity,0.2745
2022-09-17,Volume Intensity,0.2853
2022-09-18,Volume Intensity,0.3077
2022-09-19,Volume Intensity,0.352
2022-09-20,Volume Intensity,0.3754
2022-09-21,Volume Intensity,0.3809
2022-09-22,Volume Intensity,0.3657
2022-09-23,Volume Intensity,0.3647
2022-09-24,Volume Intensity,0.3815
2022-09-25,Volume Intensity,0.3956
2022-09-26,Volume Intensity,0.4063
2022-09-27,Volume Intensity,0.418
2022-09-28,Volume Intensity,0.4253
2022-09-29,Volume Intensity,0.4163
2022-09-30,Volume Intensity,0.3856
2022-10-01,Volume Intensity,0.3396
2022-10-02,Volume Intensity,0.3264
2022-10-03,Volume Intensity,0.3154
2022-10-04,Volume Intensity,0.3093
2022-10-05,Volume Intensity,0.3349
2022-10-06,Volume Intensity,0.3717
2022-10-07,Volume Intensity,0.3726
2022-10-08,Volume Intensity,0.3495
2022-10-09,Volume Intensity,0.3438
2022-10-10,Volume Intensity,0.342
2022-10-11,Volume Intensity,0.3338
2022-10-12,Volume Intensity,0.2826
2022-10-13,Volume Intensity,0.2472
2022-10-14,Volume Intensity,0.2479
2022-10-15,Volume Intensity,0.2534
2022-10-16,Volume Intensity,0.3596
2022-10-17,Volume Intensity,0.3677
2022-10-18,Volume Intensity,0.3726
2022-10-19,Volume Intensity,0.4208
2022-10-20,Volume Intensity,0.4261
2022-10-21,Volume Intensity,0.4445
2022-10-22,Volume Intensity,0.3628
2022-10-23,Volume Intensity,0.35
2022-10-24,Volume Intensity,0.3483
2022-10-25,Volume Intensity,0.3213
2022-10-26,Volume Intensity,0.3136
2022-10-27,Volume Intensity,0.3068
2022-10-28,Volume Intensity,0.2882
2022-10-29,Volume Intensity,0.3369
2022-10-30,Volume Intensity,0.3517
2022-10-31,Volume Intensity,0.3929
2022-11-01,Volume Intensity,0.4197
2022-11-02,Volume Intensity,0.4217
2022-11-03,Volume Intensity,0.4278
2022-11-04,Volume Intensity,0.4061
2022-11-05,Volume Intensity,0.4134
2022-11-06,Volume Intensity,0.4217
2022-11-07,Volume Intensity,0.4425
2022-11-08,Volume Intensity,0.4497
2022-11-09,Volume Intensity,0.4582
2022-11-10,Volume Intensity,0.456
2022-11-11,Volume Intensity,0.4691
2022-11-12,Volume Intensity,0.4454
2022-11-13,Volume Intensity,0.4393
2022-11-14,Volume Intensity,0.4249
2022-11-15,Volume Intensity,0.4287
2022-11-16,Volume Intensity,0.4457
2022-11-17,Volume Intensity,0.4391
2022-11-18,Volume Intensity,0.4147
2022-11-19,Volume Intensity,0.4311
2022-11-20,Volume Intensity,0.5552
2022-11-21,Volume Intensity,0.5802
2022-11-22,Volume Intensity,0.5757
2022-11-23,Volume Intensity,0.5751
2022-11-24,Volume Intensity,0.6033
2022-11-25,Volume Intensity,0.5847
2022-11-26,Volume Intensity,0.445
2022-11-27,Volume Intensity,0.4321
2022-11-28,Volume Intensity,0.4093
2022-11-29,Volume Intensity,0.4014
2022-11-30,Volume Intensity,0.3761
2022-12-01,Volume Intensity,0.3539
2022-12-02,Volume Intensity,0.357
2022-12-03,Volume Intensity,0.3114
2022-12-04,Volume Intensity,0.3048
2022-12-05,Volume Intensity,0.3366
2022-12-06,Volume Intensity,0.3234
2022-12-07,Volume Intensity,0.3343
2022-12-08,Volume Intensity,0.3657
2022-12-09,Volume Intensity,0.384
2022-12-10,Volume Intensity,0.3888
2022-12-11,Volume Intensity,0.3668
2022-12-12,Volume Intensity,0.3681
2022-12-13,Volume Intensity,0.3637
2022-12-14,Volume Intensity,0.3593
2022-12-15,Volume Intensity,0.3608
2022-12-16,Volume Intensity,0.3493
2022-12-17,Volume Intensity,0.3562
2022-12-18,Volume Intensity,0.3591
2022-12-19,Volume Intensity,0.3688
2022-12-20,Volume Intensity,0.3533
2022-12-21,Volume Intensity,0.3464
2022-12-22,Volume Intensity,0.3692
2022-12-23,Volume Intensity,0.3356
2022-12-24,Volume Intensity,0.3599
2022-12-25,Volume Intensity,0.391
2022-12-26,Volume Intensity,0.4246
2022-12-27,Volume Intensity,0.4425
2022-12-28,Volume Intensity,0.3987
2022-12-29,Volume Intensity,0.4043
2022-12-30,Volume Intensity,0.386
2022-12-31,Volume Intensity,0.3516
2023-01-01,Volume Intensity,0.3269
2023-01-02,Volume Intensity,0.3135
2023-01-03,Volume Intensity,0.3238
2023-01-04,Volume Intensity,0.326
2023-01-05,Volume Intensity,0.3082
2023-01-06,Volume Intensity,0.3154
2023-01-07,Volume Intensity,0.3233
2023-01-08,Volume Intensity,0.3859
2023-01-09,Volume Intensity,0.38
2023-01-10,Volume Intensity,0.4002
2023-01-11,Volume Intensity,0.4236
2023-01-12,Volume Intensity,0.3976
2023-01-13,Volume Intensity,0.3642
2023-01-14,Volume Intensity,0.3391
2023-01-15,Volume Intensity,0.3861
2023-01-16,Volume Intensity,0.404
2023-01-17,Volume Intensity,0.4148
2023-01-18,Volume Intensity,0.4113
2023-01-19,Volume Intensity,0.4276
2023-01-20,Volume Intensity,0.3681
2023-01-21,Volume Intensity,0.3296
2023-01-22,Volume Intensity,0.3196
2023-01-23,Volume Intensity,0.3011
2023-01-24,Volume Intensity,0.2925
2023-01-25,Volume Intensity,0.3024
2023-01-26,Volume Intensity,0.3366
2023-01-27,Volume Intensity,0.3885
2023-01-28,Volume Intensity,0.3655
2023-01-29,Volume Intensity,0.3875
2023-01-30,Volume Intensity,0.4146
2023-01-31,Volume Intensity,0.4077
2023-02-01,Volume Intensity,0.3991
2023-02-02,Volume Intensity,0.3973
2023-02-03,Volume Intensity,0.4116
2023-02-04,Volume Intensity,0.4012
2023-02-05,Volume Intensity,0.4317
2023-02-06,Volume Intensity,0.4645
2023-02-07,Volume Intensity,0.4595
2023-02-08,Volume Intensity,0.441
2023-02-09,Volume Intensity,0.4349
2023-02-10,Volume Intensity,0.4457
2023-02-11,Volume Intensity,0.4992
2023-02-12,Volume Intensity,0.5525
2023-02-13,Volume Intensity,0.5304
2023-02-14,Volume Intensity,0.4884
2023-02-15,Volume Intensity,0.4746
2023-02-16,Volume Intensity,0.456
2023-02-17,Volume Intensity,0.3724
2023-02-18,Volume Intensity,0.3194
2023-02-19,Volume Intensity,0.3597
2023-02-20,Volume Intensity,0.3571
2023-02-21,Volume Intensity,0.3951
2023-02-22,Volume Intensity,0.4275
2023-02-23,Volume Intensity,0.4324
2023-02-24,Volume Intensity,0.4449
2023-02-25,Volume Intensity,0.4612
2023-02-26,Volume Intensity,0.5248
2023-02-27,Volume Intensity,0.551
2023-02-28,Volume Intensity,0.5365
2023-03-01,Volume Intensity,0.5192
2023-03-02,Volume Intensity,0.4606
2023-03-03,Volume Intensity,0.4307
2023-03-04,Volume Intensity,0.448
2023-03-05,Volume Intensity,0.4621
2023-03-06,Volume Intensity,0.4672
2023-03-07,Volume Intensity,0.4781
2023-03-08,Volume Intensity,0.5244
2023-03-09,Volume Intensity,0.5348
2023-03-10,Volume Intensity,0.5342
2023-03-11,Volume Intensity,0.5203
2023-03-12,Volume Intensity,0.5187
2023-03-13,Volume Intensity,0.5267
2023-03-14,Volume Intensity,0.5142
2023-03-15,Volume Intensity,0.4921
2023-03-16,Volume Intensity,0.4374
2023-03-17,Volume Intensity,0.3873
2023-03-18,Volume Intensity,0.3985
2023-03-19,Volume Intensity,0.4151
2023-03-20,Volume Intensity,0.4137
2023-03-21,Volume Intensity,0.4421
2023-03-22,Volume Intensity,0.437
2023-03-24,Volume Intensity,0.4469
2023-03-25,Volume Intensity,0.4117
2023-03-26,Volume Intensity,0.3859
2023-03-27,Volume Intensity,0.3537
2023-03-28,Volume Intensity,0.3249
2023-03-29,Volume Intensity,0.3223
2023-03-30,Volume Intensity,0.303
2023-03-31,Volume Intensity,0.289
2023-04-01,Volume Intensity,0.254
2023-04-02,Volume Intensity,0.2968
2023-04-03,Volume Intensity,0.2817
2023-04-04,Volume Intensity,0.274
2023-04-05,Volume Intensity,0.2854
2023-04-06,Volume Intensity,0.3071
2023-04-07,Volume Intensity,0.3257
2023-04-08,Volume Intensity,0.2948
2023-04-09,Volume Intensity,0.305
2023-04-10,Volume Intensity,0.3089
2023-04-11,Volume Intensity,0.2903
2023-04-12,Volume Intensity,0.2676
2023-04-13,Volume Intensity,0.2633
2023-04-14,Volume Intensity,0.2504
2023-04-15,Volume Intensity,0.2805
2023-04-16,Volume Intensity,0.3214
2023-04-17,Volume Intensity,0.3267
2023-04-18,Volume Intensity,0.3418
2023-04-19,Volume Intensity,0.362
2023-04-20,Volume Intensity,0.3662
2023-04-21,Volume Intensity,0.3361
2023-04-22,Volume Intensity,0.2948
2023-04-23,Volume Intensity,0.3129
2023-04-24,Volume Intensity,0.3235
2023-04-25,Volume Intensity,0.3001
2023-04-26,Volume Intensity,0.3037
2023-04-27,Volume Intensity,0.3138
2023-04-28,Volume Intensity,0.2936
2023-04-29,Volume Intensity,0.2583
2023-04-30,Volume Intensity,0.2458
2023-05-01,Volume Intensity,0.2493
2023-05-02,Volume Intensity,0.2344
2023-05-03,Volume Intensity,0.2199
2023-05-04,Volume Intensity,0.2385
2023-05-05,Volume Intensity,0.2434
2023-05-06,Volume Intensity,0.258
2023-05-07,Volume Intensity,0.2866
2023-05-08,Volume Intensity,0.2757
2023-05-09,Volume Intensity,0.2845
2023-05-10,Volume Intensity,0.2895
2023-05-11,Volume Intensity,0.2954
2023-05-12,Volume Intensity,0.2824
2023-05-13,Volume Intensity,0.2626
2023-05-14,Volume Intensity,0.3498
2023-05-15,Volume Intensity,0.3644
2023-05-16,Volume Intensity,0.3685
2023-05-17,Volume Intensity,0.3819
2023-05-18,Volume Intensity,0.3743
2023-05-19,Volume Intensity,0.3504
2023-05-20,Volume Intensity,0.2985
2023-05-21,Volume Intensity,0.2913
2023-05-22,Volume Intensity,0.2787
2023-05-23,Volume Intensity,0.2553
2023-05-24,Volume Intensity,0.2559
2023-05-25,Volume Intensity,0.2646
2023-05-26,Volume Intensity,0.2385
2023-05-27,Volume Intensity,0.2232
2023-05-28,Volume Intensity,0.2592
2023-05-29,Volume Intensity,0.2591
2023-05-30,Volume Intensity,0.2692
2023-05-31,Volume Intensity,0.2803
2023-06-01,Volume Intensity,0.2948
2023-06-02,Volume Intensity,0.2927
2023-06-03,Volume Intensity,0.2736
2023-06-04,Volume Intensity,0.3391
2023-06-05,Volume Intensity,0.337
2023-06-06,Volume Intensity,0.3234
2023-06-07,Volume Intensity,0.3183
2023-06-08,Volume Intensity,0.3517
2023-06-09,Volume Intensity,0.3304
2023-06-10,Volume Intensity,0.2996
2023-06-11,Volume Intensity,0.3027
2023-06-12,Volume Intensity,0.3348
2023-06-13,Volume Intensity,0.3224
2023-06-14,Volume Intensity,0.2852
2023-06-15,Volume Intensity,0.2722
2023-06-16,Volume Intensity,0.2361
2023-06-17,Volume Intensity,0.2345
2023-06-18,Volume Intensity,0.2492
2023-06-19,Volume Intensity,0.2785
2023-06-20,Volume Intensity,0.3155
2023-06-21,Volume Intensity,0.3258
2023-06-22,Volume Intensity,0.3315
2023-06-23,Volume Intensity,0.3375
2023-06-24,Volume Intensity,0.3172
2023-06-25,Volume Intensity,0.3147
2023-06-26,Volume Intensity,0.2816
2023-06-27,Volume Intensity,0.282
2023-06-28,Volume Intensity,0.2813
2023-06-29,Volume Intensity,0.2797
2023-06-30,Volume Intensity,0.279
2023-07-01,Volume Intensity,0.3005
2023-07-02,Volume Intensity,0.2896
2023-07-03,Volume Intensity,0.3104
2023-07-04,Volume Intensity,0.31
2023-07-05,Volume Intensity,0.2984
2023-07-06,Volume Intensity,0.2765
2023-07-07,Volume Intensity,0.2634
2023-07-08,Volume Intensity,0.3027
2023-07-09,Volume Intensity,0.2995
2023-07-10,Volume Intensity,0.3059
2023-07-11,Volume Intensity,0.2928
2023-07-12,Volume Intensity,0.2848
2023-07-13,Volume Intensity,0.2619
2023-07-14,Volume Intensity,0.2632
2023-07-15,Volume Intensity,0.258
2023-07-16,Volume Intensity,0.2662
2023-07-17,Volume Intensity,0.2826
2023-07-18,Volume Intensity,0.323
2023-07-19,Volume Intensity,0.3404
2023-07-20,Volume Intensity,0.3379
2023-07-21,Volume Intensity,0.3351
2023-07-22,Volume Intensity,0.3515
2023-07-23,Volume Intensity,0.3997
2023-07-24,Volume Intensity,0.3972
2023-07-25,Volume Intensity,0.3965
2023-07-26,Volume Intensity,0.3749
2023-07-27,Volume Intensity,0.3964
2023-07-28,Volume Intensity,0.3764
2023-07-29,Volume Intensity,0.3421
2023-07-30,Volume Intensity,0.3402
2023-07-31,Volume Intensity,0.3342
2023-08-01,Volume Intensity,0.3348
2023-08-02,Volume Intensity,0.3331
2023-08-03,Volume Intensity,0.3106
2023-08-04,Volume Intensity,0.3032
2023-08-05,Volume Intensity,0.282
2023-08-06,Volume Intensity,0.2741
2023-08-07,Volume Intensity,0.2847
2023-08-08,Volume Intensity,0.2793
2023-08-09,Volume Intensity,0.3261
2023-08-10,Volume Intensity,0.3318
2023-08-11,Volume Intensity,0.3278
2023-08-12,Volume Intensity,0.3362
2023-08-13,Volume Intensity,0.3856
2023-08-14,Volume Intensity,0.3644
2023-08-15,Volume Intensity,0.3779
2023-08-16,Volume Intensity,0.371
2023-08-17,Volume Intensity,0.3733
2023-08-18,Volume Intensity,0.395
